{
"lengthUnit": "mil",
"remark": [],
"components": {
	"fields": ["COMPONENT_NO", "COMPONENT_NAME", "LAYER", "X_COORDINATE", "Y_COORDINATE", "ANGLE"],
	"rows": [
		[1, "C1", "T", 925, -445, 270],
		[2, "C2", "T", 675, -1245, 90],
		[3, "C3", "T", 940, -840, 270],
		[4, "C4", "T", 1252.9295, -1229.616, 90],
		[5, "C5", "T", 2080, -2205, 90],
		[6, "D1", "T", 640, -365, 180],
		[7, "D2", "T", 2875, -2000, 180],
		[8, "D3", "T", 2850, -715, 180],
		[9, "D4", "T", 2854.9995, -1370, 180],
		[10, "D5", "T", 1890, -1740, 180],
		[11, "D6", "T", 695, -1795, 90],
		[12, "F1", "T", 420, -365, 0],
		[13, "H1", "T", 1550, -1550, 270],
		[14, "H2", "T", 2550, -1550, 270],
		[15, "H3", "T", 925, -2120, 270],
		[16, "H4", "T", 1190, -2120, 270],
		[17, "H5", "T", 1060, -2120, 270],
		[18, "H6", "T", 1055, -2560, 0],
		[19, "I2C-EXT", "T", 2895, -2670, 0],
		[20, "INV_RLY", "T", 3150, -2290, 90],
		[21, "INV_TGL", "T", 3150, -1650, 90],
		[22, "INVERTER", "T", 400, -1820, 0],
		[23, "K1", "T", 2885, -2280, 0],
		[24, "K2", "T", 2870.0005, -1025, 0],
		[25, "K3", "T", 2870, -1650, 0],
		[26, "LED1", "T", 1285, -285, 0],
		[27, "LED3", "T", 1530, -285, 0],
		[28, "OPENER", "T", 3150, -1040, 270],
		[29, "PARK", "T", 3235, -1390, 90],
		[30, "PARK_SENSOR", "T", 3530, -1515, 90],
		[31, "PWR", "T", 370, -685, 270],
		[32, "R1", "T", 1805.45, -740.956, 0],
		[33, "R2", "T", 1755.45, -889.4103, 180],
		[34, "R3", "T", 1805.45, -1037.8645, 0],
		[35, "R4", "T", 2231.7385, -2202.283, 270],
		[36, "R5", "T", 2190, -2440, 0],
		[37, "R6", "T", 1755.45, -1181.3188, 0],
		[38, "R7", "T", 1760.45, -1334.773, 0],
		[39, "R8", "T", 1945, -2435, 0],
		[40, "R9", "T", 267.336, -1640, 0],
		[41, "R10", "T", 532.664, -1640, 0],
		[42, "R13", "T", 1775, -1555, 0],
		[43, "R14", "T", 1955, -1560, 180],
		[44, "RG9_RAIN", "T", 3160, -250, 0],
		[45, "ROOF_LIMITS", "T", 3550, -835, 90],
		[46, "ROOF_OPENER", "T", 3560, -2170, 90],
		[47, "RST1", "T", 1315, -540, 0],
		[48, "SNOW", "T", 469.325, -2559.325, 180],
		[49, "U1", "T", 960, -1205, 0],
		[50, "U2", "T", 385, -1365, 90],
		[51, "U4", "T", 1880, -2200, 0],
		[52, "PAD1", "T", 675, -1205.63, 0],
		[53, "PAD2", "T", 675, -1284.37, 0],
		[54, "PAD3", "T", 1252.9295, -1190.246, 0],
		[55, "PAD4", "T", 1252.9295, -1268.986, 0],
		[56, "PAD5", "T", 573.37, -365, 0],
		[57, "PAD6", "T", 706.63, -365, 0],
		[58, "PAD7", "T", 2717.52, -2000, 0],
		[59, "PAD7", "B", 2717.52, -2000, 0],
		[60, "PAD8", "T", 3032.48, -2000, 0],
		[61, "PAD8", "B", 3032.48, -2000, 0],
		[62, "PAD9", "T", 2697.5195, -1370, 0],
		[63, "PAD9", "B", 2697.5195, -1370, 0],
		[64, "PAD10", "T", 3012.4795, -1370, 0],
		[65, "PAD10", "B", 3012.4795, -1370, 0],
		[66, "PAD11", "T", 1844.725, -1777.4, 0],
		[67, "PAD12", "T", 1935.275, -1740, 0],
		[68, "PAD13", "T", 1844.725, -1702.6, 0],
		[69, "PAD14", "T", 363.11, -365, 0],
		[70, "PAD15", "T", 476.89, -365, 0],
		[71, "PAD16", "T", 1550, -500, 0],
		[72, "PAD16", "B", 1550, -500, 0],
		[73, "PAD17", "T", 1550, -600, 0],
		[74, "PAD17", "B", 1550, -600, 0],
		[75, "PAD18", "T", 1550, -700, 0],
		[76, "PAD18", "B", 1550, -700, 0],
		[77, "PAD19", "T", 1550, -800, 0],
		[78, "PAD19", "B", 1550, -800, 0],
		[79, "PAD20", "T", 1550, -900, 0],
		[80, "PAD20", "B", 1550, -900, 0],
		[81, "PAD21", "T", 1550, -1000, 0],
		[82, "PAD21", "B", 1550, -1000, 0],
		[83, "PAD22", "T", 1550, -1100, 0],
		[84, "PAD22", "B", 1550, -1100, 0],
		[85, "PAD23", "T", 1550, -1200, 0],
		[86, "PAD23", "B", 1550, -1200, 0],
		[87, "PAD24", "T", 1550, -1300, 0],
		[88, "PAD24", "B", 1550, -1300, 0],
		[89, "PAD25", "T", 1550, -1400, 0],
		[90, "PAD25", "B", 1550, -1400, 0],
		[91, "PAD26", "T", 1550, -1500, 0],
		[92, "PAD26", "B", 1550, -1500, 0],
		[93, "PAD27", "T", 1550, -1600, 0],
		[94, "PAD27", "B", 1550, -1600, 0],
		[95, "PAD28", "T", 1550, -1700, 0],
		[96, "PAD28", "B", 1550, -1700, 0],
		[97, "PAD29", "T", 1550, -1800, 0],
		[98, "PAD29", "B", 1550, -1800, 0],
		[99, "PAD30", "T", 1550, -1900, 0],
		[100, "PAD30", "B", 1550, -1900, 0],
		[101, "PAD31", "T", 1550, -2000, 0],
		[102, "PAD31", "B", 1550, -2000, 0],
		[103, "PAD32", "T", 1550, -2100, 0],
		[104, "PAD32", "B", 1550, -2100, 0],
		[105, "PAD33", "T", 1550, -2200, 0],
		[106, "PAD33", "B", 1550, -2200, 0],
		[107, "PAD34", "T", 1550, -2300, 0],
		[108, "PAD34", "B", 1550, -2300, 0],
		[109, "PAD35", "T", 1550, -2400, 0],
		[110, "PAD35", "B", 1550, -2400, 0],
		[111, "PAD36", "T", 1550, -2500, 0],
		[112, "PAD36", "B", 1550, -2500, 0],
		[113, "PAD37", "T", 1550, -2600, 0],
		[114, "PAD37", "B", 1550, -2600, 0],
		[115, "PAD38", "T", 2550, -500, 0],
		[116, "PAD38", "B", 2550, -500, 0],
		[117, "PAD39", "T", 2550, -600, 0],
		[118, "PAD39", "B", 2550, -600, 0],
		[119, "PAD40", "T", 2550, -700, 0],
		[120, "PAD40", "B", 2550, -700, 0],
		[121, "PAD41", "T", 2550, -800, 0],
		[122, "PAD41", "B", 2550, -800, 0],
		[123, "PAD42", "T", 2550, -900, 0],
		[124, "PAD42", "B", 2550, -900, 0],
		[125, "PAD43", "T", 2550, -1000, 0],
		[126, "PAD43", "B", 2550, -1000, 0],
		[127, "PAD44", "T", 2550, -1100, 0],
		[128, "PAD44", "B", 2550, -1100, 0],
		[129, "PAD45", "T", 2550, -1200, 0],
		[130, "PAD45", "B", 2550, -1200, 0],
		[131, "PAD46", "T", 2550, -1300, 0],
		[132, "PAD46", "B", 2550, -1300, 0],
		[133, "PAD47", "T", 2550, -1400, 0],
		[134, "PAD47", "B", 2550, -1400, 0],
		[135, "PAD48", "T", 2550, -1500, 0],
		[136, "PAD48", "B", 2550, -1500, 0],
		[137, "PAD49", "T", 2550, -1600, 0],
		[138, "PAD49", "B", 2550, -1600, 0],
		[139, "PAD50", "T", 2550, -1700, 0],
		[140, "PAD50", "B", 2550, -1700, 0],
		[141, "PAD51", "T", 2550, -1800, 0],
		[142, "PAD51", "B", 2550, -1800, 0],
		[143, "PAD52", "T", 2550, -1900, 0],
		[144, "PAD52", "B", 2550, -1900, 0],
		[145, "PAD53", "T", 2550, -2000, 0],
		[146, "PAD53", "B", 2550, -2000, 0],
		[147, "PAD54", "T", 2550, -2100, 0],
		[148, "PAD54", "B", 2550, -2100, 0],
		[149, "PAD55", "T", 2550, -2200, 0],
		[150, "PAD55", "B", 2550, -2200, 0],
		[151, "PAD56", "T", 2550, -2300, 0],
		[152, "PAD56", "B", 2550, -2300, 0],
		[153, "PAD57", "T", 2550, -2400, 0],
		[154, "PAD57", "B", 2550, -2400, 0],
		[155, "PAD58", "T", 2550, -2500, 0],
		[156, "PAD58", "B", 2550, -2500, 0],
		[157, "PAD59", "T", 2550, -2600, 0],
		[158, "PAD59", "B", 2550, -2600, 0],
		[159, "PAD60", "T", 925, -2370, 0],
		[160, "PAD60", "B", 925, -2370, 0],
		[161, "PAD61", "T", 925, -2270, 0],
		[162, "PAD61", "B", 925, -2270, 0],
		[163, "PAD62", "T", 925, -2170, 0],
		[164, "PAD62", "B", 925, -2170, 0],
		[165, "PAD63", "T", 925, -2070, 0],
		[166, "PAD63", "B", 925, -2070, 0],
		[167, "PAD64", "T", 925, -1970, 0],
		[168, "PAD64", "B", 925, -1970, 0],
		[169, "PAD65", "T", 925, -1870, 0],
		[170, "PAD65", "B", 925, -1870, 0],
		[171, "PAD66", "T", 1190, -2370, 0],
		[172, "PAD66", "B", 1190, -2370, 0],
		[173, "PAD67", "T", 1190, -2270, 0],
		[174, "PAD67", "B", 1190, -2270, 0],
		[175, "PAD68", "T", 1190, -2170, 0],
		[176, "PAD68", "B", 1190, -2170, 0],
		[177, "PAD69", "T", 1190, -2070, 0],
		[178, "PAD69", "B", 1190, -2070, 0],
		[179, "PAD70", "T", 1190, -1970, 0],
		[180, "PAD70", "B", 1190, -1970, 0],
		[181, "PAD71", "T", 1190, -1870, 0],
		[182, "PAD71", "B", 1190, -1870, 0],
		[183, "PAD72", "T", 1060, -2370, 0],
		[184, "PAD72", "B", 1060, -2370, 0],
		[185, "PAD73", "T", 1060, -2270, 0],
		[186, "PAD73", "B", 1060, -2270, 0],
		[187, "PAD74", "T", 1060, -2170, 0],
		[188, "PAD74", "B", 1060, -2170, 0],
		[189, "PAD75", "T", 1060, -2070, 0],
		[190, "PAD75", "B", 1060, -2070, 0],
		[191, "PAD76", "T", 1060, -1970, 0],
		[192, "PAD76", "B", 1060, -1970, 0],
		[193, "PAD77", "T", 1060, -1870, 0],
		[194, "PAD77", "B", 1060, -1870, 0],
		[195, "PAD78", "T", 1155, -2560, 0],
		[196, "PAD78", "B", 1155, -2560, 0],
		[197, "PAD79", "T", 1055, -2560, 0],
		[198, "PAD79", "B", 1055, -2560, 0],
		[199, "PAD80", "T", 955, -2560, 0],
		[200, "PAD80", "B", 955, -2560, 0],
		[201, "PAD81", "T", 1235, -285, 0],
		[202, "PAD81", "B", 1235, -285, 0],
		[203, "PAD82", "T", 1335, -285, 0],
		[204, "PAD82", "B", 1335, -285, 0],
		[205, "PAD83", "T", 1488.65, -285, 0],
		[206, "PAD84", "T", 1571.35, -285, 0],
		[207, "PAD85", "T", 1844.82, -740.956, 0],
		[208, "PAD86", "T", 1766.08, -740.956, 0],
		[209, "PAD87", "T", 1716.08, -889.4103, 0],
		[210, "PAD88", "T", 1794.82, -889.4103, 0],
		[211, "PAD89", "T", 1844.82, -1037.8645, 0],
		[212, "PAD90", "T", 1766.08, -1037.8645, 0],
		[213, "PAD91", "T", 2231.7385, -2241.653, 0],
		[214, "PAD92", "T", 2231.7385, -2162.913, 0],
		[215, "PAD93", "T", 2229.37, -2440, 0],
		[216, "PAD94", "T", 2150.63, -2440, 0],
		[217, "PAD95", "T", 1794.82, -1181.3188, 0],
		[218, "PAD96", "T", 1716.08, -1181.3188, 0],
		[219, "PAD97", "T", 1799.82, -1334.773, 0],
		[220, "PAD98", "T", 1721.08, -1334.773, 0],
		[221, "PAD99", "T", 1984.37, -2435, 0],
		[222, "PAD100", "T", 1905.63, -2435, 0],
		[223, "PAD101", "T", 306.706, -1640, 0],
		[224, "PAD102", "T", 227.966, -1640, 0],
		[225, "PAD103", "T", 572.034, -1640, 0],
		[226, "PAD104", "T", 493.294, -1640, 0],
		[227, "PAD105", "T", 1814.37, -1555, 0],
		[228, "PAD106", "T", 1735.63, -1555, 0],
		[229, "PAD107", "T", 1915.63, -1560, 0],
		[230, "PAD108", "T", 1994.37, -1560, 0],
		[231, "PAD109", "T", 1265, -540, 0],
		[232, "PAD109", "B", 1265, -540, 0],
		[233, "PAD110", "T", 1365, -540, 0],
		[234, "PAD110", "B", 1365, -540, 0],
		[235, "PAD111", "T", 3235, -1440, 0],
		[236, "PAD111", "B", 3235, -1440, 0],
		[237, "PAD112", "T", 3235, -1340, 0],
		[238, "PAD112", "B", 3235, -1340, 0],
		[239, "PAD113", "T", 1060, -1205, 0],
		[240, "PAD113", "B", 1060, -1205, 0],
		[241, "PAD114", "T", 960, -1205, 0],
		[242, "PAD114", "B", 960, -1205, 0],
		[243, "PAD115", "T", 860, -1205, 0],
		[244, "PAD115", "B", 860, -1205, 0],
		[245, "PAD116", "T", 535, -1415, 0],
		[246, "PAD116", "B", 535, -1415, 0],
		[247, "PAD117", "T", 535, -1315, 0],
		[248, "PAD117", "B", 535, -1315, 0],
		[249, "PAD118", "T", 235, -1415, 0],
		[250, "PAD118", "B", 235, -1415, 0],
		[251, "PAD119", "T", 235, -1315, 0],
		[252, "PAD119", "B", 235, -1315, 0],
		[253, "PAD120", "T", 1805, -2305.61, 0],
		[254, "PAD121", "T", 1855, -2305.61, 0],
		[255, "PAD122", "T", 1905, -2305.61, 0],
		[256, "PAD123", "T", 1955, -2305.61, 0],
		[257, "PAD124", "T", 1805, -2094.39, 0],
		[258, "PAD125", "T", 1855, -2094.39, 0],
		[259, "PAD126", "T", 1905, -2094.39, 0],
		[260, "PAD127", "T", 1955, -2094.39, 0],
		[261, "PAD128", "T", 2080, -2165.63, 0],
		[262, "PAD129", "T", 2080, -2244.37, 0],
		[263, "PAD130", "T", 2785, -2130.4, 0],
		[264, "PAD130", "B", 2785, -2130.4, 0],
		[265, "PAD131", "T", 2985, -2429.6, 0],
		[266, "PAD131", "B", 2985, -2429.6, 0],
		[267, "PAD132", "T", 2985, -2343, 0],
		[268, "PAD132", "B", 2985, -2343, 0],
		[269, "PAD133", "T", 2985, -2130.4, 0],
		[270, "PAD133", "B", 2985, -2130.4, 0],
		[271, "PAD134", "T", 2770, -1500.4, 0],
		[272, "PAD134", "B", 2770, -1500.4, 0],
		[273, "PAD135", "T", 2970, -1799.6, 0],
		[274, "PAD135", "B", 2970, -1799.6, 0],
		[275, "PAD136", "T", 2970, -1713, 0],
		[276, "PAD136", "B", 2970, -1713, 0],
		[277, "PAD137", "T", 2970, -1500.4, 0],
		[278, "PAD137", "B", 2970, -1500.4, 0],
		[279, "PAD138", "T", 2770.0005, -875.4, 0],
		[280, "PAD138", "B", 2770.0005, -875.4, 0],
		[281, "PAD139", "T", 2970.0005, -1174.6, 0],
		[282, "PAD139", "B", 2970.0005, -1174.6, 0],
		[283, "PAD140", "T", 2970.0005, -1088, 0],
		[284, "PAD140", "B", 2970.0005, -1088, 0],
		[285, "PAD141", "T", 2970.0005, -875.4, 0],
		[286, "PAD141", "B", 2970.0005, -875.4, 0],
		[287, "PAD142", "T", 219.325, -2559.325, 0],
		[288, "PAD142", "B", 219.325, -2559.325, 0],
		[289, "PAD143", "T", 319.325, -2559.325, 0],
		[290, "PAD143", "B", 319.325, -2559.325, 0],
		[291, "PAD144", "T", 419.325, -2559.325, 0],
		[292, "PAD144", "B", 419.325, -2559.325, 0],
		[293, "PAD145", "T", 519.325, -2559.325, 0],
		[294, "PAD145", "B", 519.325, -2559.325, 0],
		[295, "PAD146", "T", 619.325, -2559.325, 0],
		[296, "PAD146", "B", 619.325, -2559.325, 0],
		[297, "PAD147", "T", 719.325, -2559.325, 0],
		[298, "PAD147", "B", 719.325, -2559.325, 0],
		[299, "PAD148", "T", 925.001, -376.104, 0],
		[300, "PAD148", "B", 925.001, -376.104, 0],
		[301, "PAD149", "T", 925.001, -513.904, 0],
		[302, "PAD149", "B", 925.001, -513.904, 0],
		[303, "PAD150", "T", 940.001, -771.104, 0],
		[304, "PAD150", "B", 940.001, -771.104, 0],
		[305, "PAD151", "T", 940.001, -908.904, 0],
		[306, "PAD151", "B", 940.001, -908.904, 0],
		[307, "PAD152", "T", 3550, -1130.275, 0],
		[308, "PAD152", "B", 3550, -1130.275, 0],
		[309, "PAD153", "T", 3550, -933.425, 0],
		[310, "PAD153", "B", 3550, -933.425, 0],
		[311, "PAD154", "T", 3550, -736.575, 0],
		[312, "PAD154", "B", 3550, -736.575, 0],
		[313, "PAD155", "T", 3550, -539.725, 0],
		[314, "PAD155", "B", 3550, -539.725, 0],
		[315, "PAD156", "T", 3560, -2465.275, 0],
		[316, "PAD156", "B", 3560, -2465.275, 0],
		[317, "PAD157", "T", 3560, -2268.425, 0],
		[318, "PAD157", "B", 3560, -2268.425, 0],
		[319, "PAD158", "T", 3560, -2071.575, 0],
		[320, "PAD158", "B", 3560, -2071.575, 0],
		[321, "PAD159", "T", 3560, -1874.725, 0],
		[322, "PAD159", "B", 3560, -1874.725, 0],
		[323, "PAD160", "T", 2745, -2670, 0],
		[324, "PAD160", "B", 2745, -2670, 0],
		[325, "PAD161", "T", 2845, -2670, 0],
		[326, "PAD161", "B", 2845, -2670, 0],
		[327, "PAD162", "T", 2945, -2670, 0],
		[328, "PAD162", "B", 2945, -2670, 0],
		[329, "PAD163", "T", 3045, -2670, 0],
		[330, "PAD163", "B", 3045, -2670, 0],
		[331, "PAD164", "T", 250, -1820, 0],
		[332, "PAD164", "B", 250, -1820, 0],
		[333, "PAD165", "T", 350, -1820, 0],
		[334, "PAD165", "B", 350, -1820, 0],
		[335, "PAD166", "T", 450, -1820, 0],
		[336, "PAD166", "B", 450, -1820, 0],
		[337, "PAD167", "T", 550, -1820, 0],
		[338, "PAD167", "B", 550, -1820, 0],
		[339, "PAD168", "T", 695, -1858.39, 0],
		[340, "PAD169", "T", 695, -1731.61, 0],
		[341, "PAD170", "T", 2692.52, -715, 0],
		[342, "PAD170", "B", 2692.52, -715, 0],
		[343, "PAD171", "T", 3007.48, -715, 0],
		[344, "PAD171", "B", 3007.48, -715, 0],
		[345, "PAD172", "T", 3150, -2340, 0],
		[346, "PAD172", "B", 3150, -2340, 0],
		[347, "PAD173", "T", 3150, -2240, 0],
		[348, "PAD173", "B", 3150, -2240, 0],
		[349, "PAD174", "T", 3150, -1700, 0],
		[350, "PAD174", "B", 3150, -1700, 0],
		[351, "PAD175", "T", 3150, -1600, 0],
		[352, "PAD175", "B", 3150, -1600, 0],
		[353, "PAD176", "T", 3150, -990, 0],
		[354, "PAD176", "B", 3150, -990, 0],
		[355, "PAD177", "T", 3150, -1090, 0],
		[356, "PAD177", "B", 3150, -1090, 0],
		[357, "PAD178", "T", 3530, -1613.425, 0],
		[358, "PAD178", "B", 3530, -1613.425, 0],
		[359, "PAD179", "T", 3530, -1416.575, 0],
		[360, "PAD179", "B", 3530, -1416.575, 0],
		[361, "PAD180", "T", 370, -586.575, 0],
		[362, "PAD180", "B", 370, -586.575, 0],
		[363, "PAD181", "T", 370, -783.425, 0],
		[364, "PAD181", "B", 370, -783.425, 0],
		[365, "PAD182", "T", 2960.785, -250, 0],
		[366, "PAD182", "B", 2960.785, -250, 0],
		[367, "PAD183", "T", 3157.635, -250, 0],
		[368, "PAD183", "B", 3157.635, -250, 0],
		[369, "PAD184", "T", 3359.21, -250, 0],
		[370, "PAD184", "B", 3359.21, -250, 0]
	]
},
"pins": {
	"fields": ["PIN_NO", "PIN_NAME", "PIN_X", "PIN_Y", "LAYER", "PIN_TYPE", "NET_NAME", "NET_TYPE", "PAD_SHAPE", "PAD_SIZEX", "PAD_SIZEY", "HOLE_SIZE", "HOLE_LEN", "PAD_ANGLE"],
	"rows": [
		[1, "C1_1", 925.001, -376.104, "T", "DIP", "+12V", "", "C", 62.992, 62.992, 39.37, 39.37, 0],
		[2, "C1_1", 925.001, -376.104, "B", "DIP", "+12V", "", "C", 62.992, 62.992, 39.37, 39.37, 0],
		[3, "C1_2", 925.001, -513.904, "T", "DIP", "GND", "GND", "C", 62.992, 62.992, 39.37, 39.37, 0],
		[4, "C1_2", 925.001, -513.904, "B", "DIP", "GND", "GND", "C", 62.992, 62.992, 39.37, 39.37, 0],
		[5, "C2_1", 675, -1284.37, "T", "SMD", "GND", "GND", "R", 55.512, 53.15, 0, 0, 90],
		[6, "C2_2", 675, -1205.63, "T", "SMD", "+12V", "", "R", 55.512, 53.15, 0, 0, 90],
		[7, "C3_1", 940.001, -771.104, "T", "DIP", "+5V", "", "C", 62.992, 62.992, 39.37, 39.37, 0],
		[8, "C3_1", 940.001, -771.104, "B", "DIP", "+5V", "", "C", 62.992, 62.992, 39.37, 39.37, 0],
		[9, "C3_2", 940.001, -908.904, "T", "DIP", "GND", "GND", "C", 62.992, 62.992, 39.37, 39.37, 0],
		[10, "C3_2", 940.001, -908.904, "B", "DIP", "GND", "GND", "C", 62.992, 62.992, 39.37, 39.37, 0],
		[11, "C4_1", 1252.9295, -1268.986, "T", "SMD", "GND", "GND", "R", 55.512, 53.15, 0, 0, 90],
		[12, "C4_2", 1252.9295, -1190.246, "T", "SMD", "+5V", "", "R", 55.512, 53.15, 0, 0, 90],
		[13, "C5_1", 2080, -2244.37, "T", "SMD", "GND", "GND", "R", 55.512, 53.15, 0, 0, 90],
		[14, "C5_2", 2080, -2165.63, "T", "SMD", "+3V3", "", "R", 55.512, 53.15, 0, 0, 90],
		[15, "D1_1", 706.63, -365, "T", "SMD", "+12V", "", "R", 37.402, 45.276, 0, 0, 180],
		[16, "D1_2", 573.37, -365, "T", "SMD", "$1N1140", "", "R", 37.402, 45.276, 0, 0, 180],
		[17, "D2_1", 3032.48, -2000, "T", "DIP", "GND", "GND", "C", 55.118, 55.118, 31.496, 31.496, 180],
		[18, "D2_1", 3032.48, -2000, "B", "DIP", "GND", "GND", "C", 55.118, 55.118, 31.496, 31.496, 180],
		[19, "D2_2", 2717.52, -2000, "T", "DIP", "IO4", "", "C", 55.118, 55.118, 31.496, 31.496, 180],
		[20, "D2_2", 2717.52, -2000, "B", "DIP", "IO4", "", "C", 55.118, 55.118, 31.496, 31.496, 180],
		[21, "D3_1", 3007.48, -715, "T", "DIP", "GND", "GND", "C", 55.118, 55.118, 31.496, 31.496, 180],
		[22, "D3_1", 3007.48, -715, "B", "DIP", "GND", "GND", "C", 55.118, 55.118, 31.496, 31.496, 180],
		[23, "D3_2", 2692.52, -715, "T", "DIP", "IO5", "", "C", 55.118, 55.118, 31.496, 31.496, 180],
		[24, "D3_2", 2692.52, -715, "B", "DIP", "IO5", "", "C", 55.118, 55.118, 31.496, 31.496, 180],
		[25, "D4_1", 3012.4795, -1370, "T", "DIP", "GND", "GND", "C", 55.118, 55.118, 31.496, 31.496, 180],
		[26, "D4_1", 3012.4795, -1370, "B", "DIP", "GND", "GND", "C", 55.118, 55.118, 31.496, 31.496, 180],
		[27, "D4_2", 2697.5195, -1370, "T", "DIP", "IO6", "", "C", 55.118, 55.118, 31.496, 31.496, 180],
		[28, "D4_2", 2697.5195, -1370, "B", "DIP", "IO6", "", "C", 55.118, 55.118, 31.496, 31.496, 180],
		[29, "D5_1", 1844.725, -1702.6, "T", "SMD", "$4N319", "", "R", 39.37, 31.496, 0, 0, 0],
		[30, "D5_2", 1844.725, -1777.4, "T", "SMD", "$4N315", "", "R", 39.37, 31.496, 0, 0, 0],
		[31, "D5_3", 1935.275, -1740, "T", "SMD", "GND", "GND", "R", 39.37, 31.496, 0, 0, 0],
		[32, "D6_1", 695, -1858.39, "T", "SMD", "$2N639", "", "R", 34.646, 37.795, 0, 0, 270],
		[33, "D6_2", 695, -1731.61, "T", "SMD", "$2N5165", "", "R", 34.646, 37.795, 0, 0, 270],
		[34, "F1_1", 363.11, -365, "T", "SMD", "$1N1350", "", "R", 46.854, 68.031, 0, 0, 0],
		[35, "F1_2", 476.89, -365, "T", "SMD", "$1N1140", "", "R", 46.854, 68.031, 0, 0, 0],
		[36, "H1_1", 1550, -500, "T", "DIP", "+3V3", "", "R", 62.992, 62.992, 41.338, 41.338, 270],
		[37, "H1_1", 1550, -500, "B", "DIP", "+3V3", "", "R", 62.992, 62.992, 41.338, 41.338, 270],
		[38, "H1_2", 1550, -600, "T", "DIP", "+3V3", "", "C", 62.992, 62.992, 41.338, 41.338, 270],
		[39, "H1_2", 1550, -600, "B", "DIP", "+3V3", "", "C", 62.992, 62.992, 41.338, 41.338, 270],
		[40, "H1_3", 1550, -700, "T", "DIP", "RST", "", "C", 62.992, 62.992, 41.338, 41.338, 270],
		[41, "H1_3", 1550, -700, "B", "DIP", "RST", "", "C", 62.992, 62.992, 41.338, 41.338, 270],
		[42, "H1_4", 1550, -800, "T", "DIP", "IO4", "", "C", 62.992, 62.992, 41.338, 41.338, 270],
		[43, "H1_4", 1550, -800, "B", "DIP", "IO4", "", "C", 62.992, 62.992, 41.338, 41.338, 270],
		[44, "H1_5", 1550, -900, "T", "DIP", "IO5", "", "C", 62.992, 62.992, 41.338, 41.338, 270],
		[45, "H1_5", 1550, -900, "B", "DIP", "IO5", "", "C", 62.992, 62.992, 41.338, 41.338, 270],
		[46, "H1_6", 1550, -1000, "T", "DIP", "IO6", "", "C", 62.992, 62.992, 41.338, 41.338, 270],
		[47, "H1_6", 1550, -1000, "B", "DIP", "IO6", "", "C", 62.992, 62.992, 41.338, 41.338, 270],
		[48, "H1_7", 1550, -1100, "T", "DIP", "IO7", "", "C", 62.992, 62.992, 41.338, 41.338, 270],
		[49, "H1_7", 1550, -1100, "B", "DIP", "IO7", "", "C", 62.992, 62.992, 41.338, 41.338, 270],
		[50, "H1_8", 1550, -1200, "T", "DIP", "IO15", "", "C", 62.992, 62.992, 41.338, 41.338, 270],
		[51, "H1_8", 1550, -1200, "B", "DIP", "IO15", "", "C", 62.992, 62.992, 41.338, 41.338, 270],
		[52, "H1_9", 1550, -1300, "T", "DIP", "IO16", "", "C", 62.992, 62.992, 41.338, 41.338, 270],
		[53, "H1_9", 1550, -1300, "B", "DIP", "IO16", "", "C", 62.992, 62.992, 41.338, 41.338, 270],
		[54, "H1_10", 1550, -1400, "T", "DIP", "IO17", "", "C", 62.992, 62.992, 41.338, 41.338, 270],
		[55, "H1_10", 1550, -1400, "B", "DIP", "IO17", "", "C", 62.992, 62.992, 41.338, 41.338, 270],
		[56, "H1_11", 1550, -1500, "T", "DIP", "IO18", "", "C", 62.992, 62.992, 41.338, 41.338, 270],
		[57, "H1_11", 1550, -1500, "B", "DIP", "IO18", "", "C", 62.992, 62.992, 41.338, 41.338, 270],
		[58, "H1_12", 1550, -1600, "T", "DIP", "SDA", "", "C", 62.992, 62.992, 41.338, 41.338, 270],
		[59, "H1_12", 1550, -1600, "B", "DIP", "SDA", "", "C", 62.992, 62.992, 41.338, 41.338, 270],
		[60, "H1_13", 1550, -1700, "T", "DIP", "IO3", "", "C", 62.992, 62.992, 41.338, 41.338, 270],
		[61, "H1_13", 1550, -1700, "B", "DIP", "IO3", "", "C", 62.992, 62.992, 41.338, 41.338, 270],
		[62, "H1_14", 1550, -1800, "T", "DIP", "IO46", "", "C", 62.992, 62.992, 41.338, 41.338, 270],
		[63, "H1_14", 1550, -1800, "B", "DIP", "IO46", "", "C", 62.992, 62.992, 41.338, 41.338, 270],
		[64, "H1_15", 1550, -1900, "T", "DIP", "SCL", "", "C", 62.992, 62.992, 41.338, 41.338, 270],
		[65, "H1_15", 1550, -1900, "B", "DIP", "SCL", "", "C", 62.992, 62.992, 41.338, 41.338, 270],
		[66, "H1_16", 1550, -2000, "T", "DIP", "IO10", "", "C", 62.992, 62.992, 41.338, 41.338, 270],
		[67, "H1_16", 1550, -2000, "B", "DIP", "IO10", "", "C", 62.992, 62.992, 41.338, 41.338, 270],
		[68, "H1_17", 1550, -2100, "T", "DIP", "IO11", "", "C", 62.992, 62.992, 41.338, 41.338, 270],
		[69, "H1_17", 1550, -2100, "B", "DIP", "IO11", "", "C", 62.992, 62.992, 41.338, 41.338, 270],
		[70, "H1_18", 1550, -2200, "T", "DIP", "IO12", "", "C", 62.992, 62.992, 41.338, 41.338, 270],
		[71, "H1_18", 1550, -2200, "B", "DIP", "IO12", "", "C", 62.992, 62.992, 41.338, 41.338, 270],
		[72, "H1_19", 1550, -2300, "T", "DIP", "IO13", "", "C", 62.992, 62.992, 41.338, 41.338, 270],
		[73, "H1_19", 1550, -2300, "B", "DIP", "IO13", "", "C", 62.992, 62.992, 41.338, 41.338, 270],
		[74, "H1_20", 1550, -2400, "T", "DIP", "IO14", "", "C", 62.992, 62.992, 41.338, 41.338, 270],
		[75, "H1_20", 1550, -2400, "B", "DIP", "IO14", "", "C", 62.992, 62.992, 41.338, 41.338, 270],
		[76, "H1_21", 1550, -2500, "T", "DIP", "+5V", "", "C", 62.992, 62.992, 41.338, 41.338, 270],
		[77, "H1_21", 1550, -2500, "B", "DIP", "+5V", "", "C", 62.992, 62.992, 41.338, 41.338, 270],
		[78, "H1_22", 1550, -2600, "T", "DIP", "GND", "GND", "C", 62.992, 62.992, 41.338, 41.338, 270],
		[79, "H1_22", 1550, -2600, "B", "DIP", "GND", "GND", "C", 62.992, 62.992, 41.338, 41.338, 270],
		[80, "H2_1", 2550, -500, "T", "DIP", "GND", "GND", "R", 62.992, 62.992, 41.338, 41.338, 270],
		[81, "H2_1", 2550, -500, "B", "DIP", "GND", "GND", "R", 62.992, 62.992, 41.338, 41.338, 270],
		[82, "H2_2", 2550, -600, "T", "DIP", "TX", "", "C", 62.992, 62.992, 41.338, 41.338, 270],
		[83, "H2_2", 2550, -600, "B", "DIP", "TX", "", "C", 62.992, 62.992, 41.338, 41.338, 270],
		[84, "H2_3", 2550, -700, "T", "DIP", "RX", "", "C", 62.992, 62.992, 41.338, 41.338, 270],
		[85, "H2_3", 2550, -700, "B", "DIP", "RX", "", "C", 62.992, 62.992, 41.338, 41.338, 270],
		[86, "H2_4", 2550, -800, "T", "DIP", "IO1", "", "C", 62.992, 62.992, 41.338, 41.338, 270],
		[87, "H2_4", 2550, -800, "B", "DIP", "IO1", "", "C", 62.992, 62.992, 41.338, 41.338, 270],
		[88, "H2_5", 2550, -900, "T", "DIP", "IO2", "", "C", 62.992, 62.992, 41.338, 41.338, 270],
		[89, "H2_5", 2550, -900, "B", "DIP", "IO2", "", "C", 62.992, 62.992, 41.338, 41.338, 270],
		[90, "H2_6", 2550, -1000, "T", "DIP", "IO42", "", "C", 62.992, 62.992, 41.338, 41.338, 270],
		[91, "H2_6", 2550, -1000, "B", "DIP", "IO42", "", "C", 62.992, 62.992, 41.338, 41.338, 270],
		[92, "H2_7", 2550, -1100, "T", "DIP", "IO41", "", "C", 62.992, 62.992, 41.338, 41.338, 270],
		[93, "H2_7", 2550, -1100, "B", "DIP", "IO41", "", "C", 62.992, 62.992, 41.338, 41.338, 270],
		[94, "H2_8", 2550, -1200, "T", "DIP", "IO40", "", "C", 62.992, 62.992, 41.338, 41.338, 270],
		[95, "H2_8", 2550, -1200, "B", "DIP", "IO40", "", "C", 62.992, 62.992, 41.338, 41.338, 270],
		[96, "H2_9", 2550, -1300, "T", "DIP", "IO39", "", "C", 62.992, 62.992, 41.338, 41.338, 270],
		[97, "H2_9", 2550, -1300, "B", "DIP", "IO39", "", "C", 62.992, 62.992, 41.338, 41.338, 270],
		[98, "H2_10", 2550, -1400, "T", "DIP", "IO38", "", "C", 62.992, 62.992, 41.338, 41.338, 270],
		[99, "H2_10", 2550, -1400, "B", "DIP", "IO38", "", "C", 62.992, 62.992, 41.338, 41.338, 270],
		[100, "H2_11", 2550, -1500, "T", "DIP", "IO37", "", "C", 62.992, 62.992, 41.338, 41.338, 270],
		[101, "H2_11", 2550, -1500, "B", "DIP", "IO37", "", "C", 62.992, 62.992, 41.338, 41.338, 270],
		[102, "H2_12", 2550, -1600, "T", "DIP", "IO36", "", "C", 62.992, 62.992, 41.338, 41.338, 270],
		[103, "H2_12", 2550, -1600, "B", "DIP", "IO36", "", "C", 62.992, 62.992, 41.338, 41.338, 270],
		[104, "H2_13", 2550, -1700, "T", "DIP", "IO35", "", "C", 62.992, 62.992, 41.338, 41.338, 270],
		[105, "H2_13", 2550, -1700, "B", "DIP", "IO35", "", "C", 62.992, 62.992, 41.338, 41.338, 270],
		[106, "H2_14", 2550, -1800, "T", "DIP", "IO0", "", "C", 62.992, 62.992, 41.338, 41.338, 270],
		[107, "H2_14", 2550, -1800, "B", "DIP", "IO0", "", "C", 62.992, 62.992, 41.338, 41.338, 270],
		[108, "H2_15", 2550, -1900, "T", "DIP", "IO45", "", "C", 62.992, 62.992, 41.338, 41.338, 270],
		[109, "H2_15", 2550, -1900, "B", "DIP", "IO45", "", "C", 62.992, 62.992, 41.338, 41.338, 270],
		[110, "H2_16", 2550, -2000, "T", "DIP", "IO48", "", "C", 62.992, 62.992, 41.338, 41.338, 270],
		[111, "H2_16", 2550, -2000, "B", "DIP", "IO48", "", "C", 62.992, 62.992, 41.338, 41.338, 270],
		[112, "H2_17", 2550, -2100, "T", "DIP", "IO47", "", "C", 62.992, 62.992, 41.338, 41.338, 270],
		[113, "H2_17", 2550, -2100, "B", "DIP", "IO47", "", "C", 62.992, 62.992, 41.338, 41.338, 270],
		[114, "H2_18", 2550, -2200, "T", "DIP", "IO21", "", "C", 62.992, 62.992, 41.338, 41.338, 270],
		[115, "H2_18", 2550, -2200, "B", "DIP", "IO21", "", "C", 62.992, 62.992, 41.338, 41.338, 270],
		[116, "H2_19", 2550, -2300, "T", "DIP", "IO20", "", "C", 62.992, 62.992, 41.338, 41.338, 270],
		[117, "H2_19", 2550, -2300, "B", "DIP", "IO20", "", "C", 62.992, 62.992, 41.338, 41.338, 270],
		[118, "H2_20", 2550, -2400, "T", "DIP", "IO19", "", "C", 62.992, 62.992, 41.338, 41.338, 270],
		[119, "H2_20", 2550, -2400, "B", "DIP", "IO19", "", "C", 62.992, 62.992, 41.338, 41.338, 270],
		[120, "H2_21", 2550, -2500, "T", "DIP", "GND", "GND", "C", 62.992, 62.992, 41.338, 41.338, 270],
		[121, "H2_21", 2550, -2500, "B", "DIP", "GND", "GND", "C", 62.992, 62.992, 41.338, 41.338, 270],
		[122, "H2_22", 2550, -2600, "T", "DIP", "GND", "GND", "C", 62.992, 62.992, 41.338, 41.338, 270],
		[123, "H2_22", 2550, -2600, "B", "DIP", "GND", "GND", "C", 62.992, 62.992, 41.338, 41.338, 270],
		[124, "H3_1", 925, -1870, "T", "DIP", "$1N6940", "", "R", 70.866, 70.866, 47.244, 47.244, 270],
		[125, "H3_1", 925, -1870, "B", "DIP", "$1N6940", "", "R", 70.866, 70.866, 47.244, 47.244, 270],
		[126, "H3_2", 925, -1970, "T", "DIP", "$1N6940", "", "C", 70.866, 70.866, 47.244, 47.244, 270],
		[127, "H3_2", 925, -1970, "B", "DIP", "$1N6940", "", "C", 70.866, 70.866, 47.244, 47.244, 270],
		[128, "H3_3", 925, -2070, "T", "DIP", "$1N6940", "", "C", 70.866, 70.866, 47.244, 47.244, 270],
		[129, "H3_3", 925, -2070, "B", "DIP", "$1N6940", "", "C", 70.866, 70.866, 47.244, 47.244, 270],
		[130, "H3_4", 925, -2170, "T", "DIP", "$1N6940", "", "C", 70.866, 70.866, 47.244, 47.244, 270],
		[131, "H3_4", 925, -2170, "B", "DIP", "$1N6940", "", "C", 70.866, 70.866, 47.244, 47.244, 270],
		[132, "H3_5", 925, -2270, "T", "DIP", "$1N6940", "", "C", 70.866, 70.866, 47.244, 47.244, 270],
		[133, "H3_5", 925, -2270, "B", "DIP", "$1N6940", "", "C", 70.866, 70.866, 47.244, 47.244, 270],
		[134, "H3_6", 925, -2370, "T", "DIP", "$1N6940", "", "C", 70.866, 70.866, 47.244, 47.244, 270],
		[135, "H3_6", 925, -2370, "B", "DIP", "$1N6940", "", "C", 70.866, 70.866, 47.244, 47.244, 270],
		[136, "H4_1", 1190, -1870, "T", "DIP", "IO46", "", "R", 70.866, 70.866, 47.244, 47.244, 270],
		[137, "H4_1", 1190, -1870, "B", "DIP", "IO46", "", "R", 70.866, 70.866, 47.244, 47.244, 270],
		[138, "H4_2", 1190, -1970, "T", "DIP", "IO10", "", "C", 70.866, 70.866, 47.244, 47.244, 270],
		[139, "H4_2", 1190, -1970, "B", "DIP", "IO10", "", "C", 70.866, 70.866, 47.244, 47.244, 270],
		[140, "H4_3", 1190, -2070, "T", "DIP", "IO11", "", "C", 70.866, 70.866, 47.244, 47.244, 270],
		[141, "H4_3", 1190, -2070, "B", "DIP", "IO11", "", "C", 70.866, 70.866, 47.244, 47.244, 270],
		[142, "H4_4", 1190, -2170, "T", "DIP", "IO12", "", "C", 70.866, 70.866, 47.244, 47.244, 270],
		[143, "H4_4", 1190, -2170, "B", "DIP", "IO12", "", "C", 70.866, 70.866, 47.244, 47.244, 270],
		[144, "H4_5", 1190, -2270, "T", "DIP", "IO13", "", "C", 70.866, 70.866, 47.244, 47.244, 270],
		[145, "H4_5", 1190, -2270, "B", "DIP", "IO13", "", "C", 70.866, 70.866, 47.244, 47.244, 270],
		[146, "H4_6", 1190, -2370, "T", "DIP", "IO14", "", "C", 70.866, 70.866, 47.244, 47.244, 270],
		[147, "H4_6", 1190, -2370, "B", "DIP", "IO14", "", "C", 70.866, 70.866, 47.244, 47.244, 270],
		[148, "H5_1", 1060, -1870, "T", "DIP", "GND", "GND", "R", 70.866, 70.866, 47.244, 47.244, 270],
		[149, "H5_1", 1060, -1870, "B", "DIP", "GND", "GND", "R", 70.866, 70.866, 47.244, 47.244, 270],
		[150, "H5_2", 1060, -1970, "T", "DIP", "GND", "GND", "C", 70.866, 70.866, 47.244, 47.244, 270],
		[151, "H5_2", 1060, -1970, "B", "DIP", "GND", "GND", "C", 70.866, 70.866, 47.244, 47.244, 270],
		[152, "H5_3", 1060, -2070, "T", "DIP", "GND", "GND", "C", 70.866, 70.866, 47.244, 47.244, 270],
		[153, "H5_3", 1060, -2070, "B", "DIP", "GND", "GND", "C", 70.866, 70.866, 47.244, 47.244, 270],
		[154, "H5_4", 1060, -2170, "T", "DIP", "GND", "GND", "C", 70.866, 70.866, 47.244, 47.244, 270],
		[155, "H5_4", 1060, -2170, "B", "DIP", "GND", "GND", "C", 70.866, 70.866, 47.244, 47.244, 270],
		[156, "H5_5", 1060, -2270, "T", "DIP", "GND", "GND", "C", 70.866, 70.866, 47.244, 47.244, 270],
		[157, "H5_5", 1060, -2270, "B", "DIP", "GND", "GND", "C", 70.866, 70.866, 47.244, 47.244, 270],
		[158, "H5_6", 1060, -2370, "T", "DIP", "GND", "GND", "C", 70.866, 70.866, 47.244, 47.244, 270],
		[159, "H5_6", 1060, -2370, "B", "DIP", "GND", "GND", "C", 70.866, 70.866, 47.244, 47.244, 270],
		[160, "H6_1", 955, -2560, "T", "DIP", "+3V3", "", "R", 62, 70.866, 47.244, 47.244, 0],
		[161, "H6_1", 955, -2560, "B", "DIP", "+3V3", "", "R", 62, 70.866, 47.244, 47.244, 0],
		[162, "H6_2", 1055, -2560, "T", "DIP", "$1N6940", "", "C", 70.866, 70.866, 47.244, 47.244, 0],
		[163, "H6_2", 1055, -2560, "B", "DIP", "$1N6940", "", "C", 70.866, 70.866, 47.244, 47.244, 0],
		[164, "H6_3", 1155, -2560, "T", "DIP", "+5V", "", "C", 70.866, 70.866, 47.244, 47.244, 0],
		[165, "H6_3", 1155, -2560, "B", "DIP", "+5V", "", "C", 70.866, 70.866, 47.244, 47.244, 0],
		[166, "I2C-EXT_1", 2745, -2670, "T", "DIP", "+3V3", "", "R", 66.929, 66.929, 43.308, 43.308, 0],
		[167, "I2C-EXT_1", 2745, -2670, "B", "DIP", "+3V3", "", "R", 66.929, 66.929, 43.308, 43.308, 0],
		[168, "I2C-EXT_2", 2845, -2670, "T", "DIP", "SCL", "", "C", 66.929, 66.929, 43.308, 43.308, 0],
		[169, "I2C-EXT_2", 2845, -2670, "B", "DIP", "SCL", "", "C", 66.929, 66.929, 43.308, 43.308, 0],
		[170, "I2C-EXT_3", 2945, -2670, "T", "DIP", "SDA", "", "C", 66.929, 66.929, 43.308, 43.308, 0],
		[171, "I2C-EXT_3", 2945, -2670, "B", "DIP", "SDA", "", "C", 66.929, 66.929, 43.308, 43.308, 0],
		[172, "I2C-EXT_4", 3045, -2670, "T", "DIP", "GND", "GND", "C", 66.929, 66.929, 43.308, 43.308, 0],
		[173, "I2C-EXT_4", 3045, -2670, "B", "DIP", "GND", "GND", "C", 66.929, 66.929, 43.308, 43.308, 0],
		[174, "INV_RLY_1", 3150, -2340, "T", "DIP", "+12V", "", "R", 78.74, 78.74, 47.244, 47.244, 90],
		[175, "INV_RLY_1", 3150, -2340, "B", "DIP", "+12V", "", "R", 78.74, 78.74, 47.244, 47.244, 90],
		[176, "INV_RLY_2", 3150, -2240, "T", "DIP", "$2N4453", "", "C", 78.74, 78.74, 47.244, 47.244, 90],
		[177, "INV_RLY_2", 3150, -2240, "B", "DIP", "$2N4453", "", "C", 78.74, 78.74, 47.244, 47.244, 90],
		[178, "INV_TGL_1", 3150, -1700, "T", "DIP", "$2N950", "", "R", 78.74, 78.74, 47.244, 47.244, 90],
		[179, "INV_TGL_1", 3150, -1700, "B", "DIP", "$2N950", "", "R", 78.74, 78.74, 47.244, 47.244, 90],
		[180, "INV_TGL_2", 3150, -1600, "T", "DIP", "$2N940", "", "C", 78.74, 78.74, 47.244, 47.244, 90],
		[181, "INV_TGL_2", 3150, -1600, "B", "DIP", "$2N940", "", "C", 78.74, 78.74, 47.244, 47.244, 90],
		[182, "INVERTER_1", 250, -1820, "T", "DIP", "$2N940", "", "R", 66.929, 66.929, 43.308, 43.308, 0],
		[183, "INVERTER_1", 250, -1820, "B", "DIP", "$2N940", "", "R", 66.929, 66.929, 43.308, 43.308, 0],
		[184, "INVERTER_2", 350, -1820, "T", "DIP", "$2N950", "", "C", 66.929, 66.929, 43.308, 43.308, 0],
		[185, "INVERTER_2", 350, -1820, "B", "DIP", "$2N950", "", "C", 66.929, 66.929, 43.308, 43.308, 0],
		[186, "INVERTER_3", 450, -1820, "T", "DIP", "$2N639", "", "C", 66.929, 66.929, 43.308, 43.308, 0],
		[187, "INVERTER_3", 450, -1820, "B", "DIP", "$2N639", "", "C", 66.929, 66.929, 43.308, 43.308, 0],
		[188, "INVERTER_4", 550, -1820, "T", "DIP", "$2N636", "", "C", 66.929, 66.929, 43.308, 43.308, 0],
		[189, "INVERTER_4", 550, -1820, "B", "DIP", "$2N636", "", "C", 66.929, 66.929, 43.308, 43.308, 0],
		[190, "K1_1", 2785, -2130.4, "T", "DIP", "GND", "GND", "C", 62.992, 62.992, 33.464, 33.464, 270],
		[191, "K1_1", 2785, -2130.4, "B", "DIP", "GND", "GND", "C", 62.992, 62.992, 33.464, 33.464, 270],
		[192, "K1_2", 2785, -2256.4, "T", "DIP", "NET_1", "", "C", 62.992, 62.992, 33.464, 33.464, 270],
		[193, "K1_2", 2785, -2256.4, "B", "DIP", "NET_1", "", "C", 62.992, 62.992, 33.464, 33.464, 270],
		[194, "K1_3", 2785, -2343, "T", "DIP", "NET_2", "", "C", 62.992, 62.992, 33.464, 33.464, 270],
		[195, "K1_3", 2785, -2343, "B", "DIP", "NET_2", "", "C", 62.992, 62.992, 33.464, 33.464, 270],
		[196, "K1_4", 2785, -2429.6, "T", "DIP", "NET_3", "", "C", 62.992, 62.992, 33.464, 33.464, 270],
		[197, "K1_4", 2785, -2429.6, "B", "DIP", "NET_3", "", "C", 62.992, 62.992, 33.464, 33.464, 270],
		[198, "K1_5", 2985, -2429.6, "T", "DIP", "$2N4453", "", "C", 62.992, 62.992, 33.464, 33.464, 270],
		[199, "K1_5", 2985, -2429.6, "B", "DIP", "$2N4453", "", "C", 62.992, 62.992, 33.464, 33.464, 270],
		[200, "K1_6", 2985, -2343, "T", "DIP", "+12V", "", "C", 62.992, 62.992, 33.464, 33.464, 270],
		[201, "K1_6", 2985, -2343, "B", "DIP", "+12V", "", "C", 62.992, 62.992, 33.464, 33.464, 270],
		[202, "K1_7", 2985, -2256.4, "T", "DIP", "NET_4", "", "C", 62.992, 62.992, 33.464, 33.464, 270],
		[203, "K1_7", 2985, -2256.4, "B", "DIP", "NET_4", "", "C", 62.992, 62.992, 33.464, 33.464, 270],
		[204, "K1_8", 2985, -2130.4, "T", "DIP", "IO4", "", "C", 62.992, 62.992, 33.464, 33.464, 270],
		[205, "K1_8", 2985, -2130.4, "B", "DIP", "IO4", "", "C", 62.992, 62.992, 33.464, 33.464, 270],
		[206, "K2_1", 2770.0005, -875.4, "T", "DIP", "GND", "GND", "C", 62.992, 62.992, 33.464, 33.464, 270],
		[207, "K2_1", 2770.0005, -875.4, "B", "DIP", "GND", "GND", "C", 62.992, 62.992, 33.464, 33.464, 270],
		[208, "K2_2", 2770.0005, -1001.4, "T", "DIP", "NET_5", "", "C", 62.992, 62.992, 33.464, 33.464, 270],
		[209, "K2_2", 2770.0005, -1001.4, "B", "DIP", "NET_5", "", "C", 62.992, 62.992, 33.464, 33.464, 270],
		[210, "K2_3", 2770.0005, -1088, "T", "DIP", "NET_6", "", "C", 62.992, 62.992, 33.464, 33.464, 270],
		[211, "K2_3", 2770.0005, -1088, "B", "DIP", "NET_6", "", "C", 62.992, 62.992, 33.464, 33.464, 270],
		[212, "K2_4", 2770.0005, -1174.6, "T", "DIP", "NET_7", "", "C", 62.992, 62.992, 33.464, 33.464, 270],
		[213, "K2_4", 2770.0005, -1174.6, "B", "DIP", "NET_7", "", "C", 62.992, 62.992, 33.464, 33.464, 270],
		[214, "K2_5", 2970.0005, -1174.6, "T", "DIP", "$2N628", "", "C", 62.992, 62.992, 33.464, 33.464, 270],
		[215, "K2_5", 2970.0005, -1174.6, "B", "DIP", "$2N628", "", "C", 62.992, 62.992, 33.464, 33.464, 270],
		[216, "K2_6", 2970.0005, -1088, "T", "DIP", "$2N1363", "", "C", 62.992, 62.992, 33.464, 33.464, 270],
		[217, "K2_6", 2970.0005, -1088, "B", "DIP", "$2N1363", "", "C", 62.992, 62.992, 33.464, 33.464, 270],
		[218, "K2_7", 2970.0005, -1001.4, "T", "DIP", "NET_8", "", "C", 62.992, 62.992, 33.464, 33.464, 270],
		[219, "K2_7", 2970.0005, -1001.4, "B", "DIP", "NET_8", "", "C", 62.992, 62.992, 33.464, 33.464, 270],
		[220, "K2_8", 2970.0005, -875.4, "T", "DIP", "IO5", "", "C", 62.992, 62.992, 33.464, 33.464, 270],
		[221, "K2_8", 2970.0005, -875.4, "B", "DIP", "IO5", "", "C", 62.992, 62.992, 33.464, 33.464, 270],
		[222, "K3_1", 2770, -1500.4, "T", "DIP", "GND", "GND", "C", 62.992, 62.992, 33.464, 33.464, 270],
		[223, "K3_1", 2770, -1500.4, "B", "DIP", "GND", "GND", "C", 62.992, 62.992, 33.464, 33.464, 270],
		[224, "K3_2", 2770, -1626.4, "T", "DIP", "NET_9", "", "C", 62.992, 62.992, 33.464, 33.464, 270],
		[225, "K3_2", 2770, -1626.4, "B", "DIP", "NET_9", "", "C", 62.992, 62.992, 33.464, 33.464, 270],
		[226, "K3_3", 2770, -1713, "T", "DIP", "NET_10", "", "C", 62.992, 62.992, 33.464, 33.464, 270],
		[227, "K3_3", 2770, -1713, "B", "DIP", "NET_10", "", "C", 62.992, 62.992, 33.464, 33.464, 270],
		[228, "K3_4", 2770, -1799.6, "T", "DIP", "NET_11", "", "C", 62.992, 62.992, 33.464, 33.464, 270],
		[229, "K3_4", 2770, -1799.6, "B", "DIP", "NET_11", "", "C", 62.992, 62.992, 33.464, 33.464, 270],
		[230, "K3_5", 2970, -1799.6, "T", "DIP", "$2N940", "", "C", 62.992, 62.992, 33.464, 33.464, 270],
		[231, "K3_5", 2970, -1799.6, "B", "DIP", "$2N940", "", "C", 62.992, 62.992, 33.464, 33.464, 270],
		[232, "K3_6", 2970, -1713, "T", "DIP", "$2N950", "", "C", 62.992, 62.992, 33.464, 33.464, 270],
		[233, "K3_6", 2970, -1713, "B", "DIP", "$2N950", "", "C", 62.992, 62.992, 33.464, 33.464, 270],
		[234, "K3_7", 2970, -1626.4, "T", "DIP", "NET_12", "", "C", 62.992, 62.992, 33.464, 33.464, 270],
		[235, "K3_7", 2970, -1626.4, "B", "DIP", "NET_12", "", "C", 62.992, 62.992, 33.464, 33.464, 270],
		[236, "K3_8", 2970, -1500.4, "T", "DIP", "IO6", "", "C", 62.992, 62.992, 33.464, 33.464, 270],
		[237, "K3_8", 2970, -1500.4, "B", "DIP", "IO6", "", "C", 62.992, 62.992, 33.464, 33.464, 270],
		[238, "LED1_1", 1235, -285, "T", "DIP", "$1N2793", "", "R", 78.74, 78.74, 47.244, 47.244, 0],
		[239, "LED1_1", 1235, -285, "B", "DIP", "$1N2793", "", "R", 78.74, 78.74, 47.244, 47.244, 0],
		[240, "LED1_2", 1335, -285, "T", "DIP", "GND", "GND", "C", 78.74, 78.74, 47.244, 47.244, 0],
		[241, "LED1_2", 1335, -285, "B", "DIP", "GND", "GND", "C", 78.74, 78.74, 47.244, 47.244, 0],
		[242, "LED3_1", 1571.35, -285, "T", "SMD", "$1N2789", "", "R", 39.37, 55.1, 0, 0, 180],
		[243, "LED3_2", 1488.65, -285, "T", "SMD", "GND", "GND", "R", 39.37, 55.1, 0, 0, 180],
		[244, "OPENER_1", 3150, -990, "T", "DIP", "$2N1363", "", "R", 78.74, 78.74, 47.244, 47.244, 270],
		[245, "OPENER_1", 3150, -990, "B", "DIP", "$2N1363", "", "R", 78.74, 78.74, 47.244, 47.244, 270],
		[246, "OPENER_2", 3150, -1090, "T", "DIP", "$2N628", "", "C", 78.74, 78.74, 47.244, 47.244, 270],
		[247, "OPENER_2", 3150, -1090, "B", "DIP", "$2N628", "", "C", 78.74, 78.74, 47.244, 47.244, 270],
		[248, "PARK_1", 3235, -1440, "T", "DIP", "GND", "GND", "R", 78.74, 78.74, 47.244, 47.244, 90],
		[249, "PARK_1", 3235, -1440, "B", "DIP", "GND", "GND", "R", 78.74, 78.74, 47.244, 47.244, 90],
		[250, "PARK_2", 3235, -1340, "T", "DIP", "IO42", "", "C", 78.74, 78.74, 47.244, 47.244, 90],
		[251, "PARK_2", 3235, -1340, "B", "DIP", "IO42", "", "C", 78.74, 78.74, 47.244, 47.244, 90],
		[252, "PARK_SENSOR_1", 3530, -1613.425, "T", "DIP", "IO42", "", "C", 78.74, 78.74, 51.182, 51.182, 90],
		[253, "PARK_SENSOR_1", 3530, -1613.425, "B", "DIP", "IO42", "", "C", 78.74, 78.74, 51.182, 51.182, 90],
		[254, "PARK_SENSOR_2", 3530, -1416.575, "T", "DIP", "GND", "GND", "C", 78.74, 78.74, 51.182, 51.182, 90],
		[255, "PARK_SENSOR_2", 3530, -1416.575, "B", "DIP", "GND", "GND", "C", 78.74, 78.74, 51.182, 51.182, 90],
		[256, "PWR_1", 370, -586.575, "T", "DIP", "$1N1350", "", "C", 78.74, 78.74, 51.182, 51.182, 270],
		[257, "PWR_1", 370, -586.575, "B", "DIP", "$1N1350", "", "C", 78.74, 78.74, 51.182, 51.182, 270],
		[258, "PWR_2", 370, -783.425, "T", "DIP", "GND", "GND", "C", 78.74, 78.74, 51.182, 51.182, 270],
		[259, "PWR_2", 370, -783.425, "B", "DIP", "GND", "GND", "C", 78.74, 78.74, 51.182, 51.182, 270],
		[260, "R1_1", 1766.08, -740.956, "T", "SMD", "$1N2793", "", "R", 44.588, 54.213, 0, 0, 0],
		[261, "R1_2", 1844.82, -740.956, "T", "SMD", "+5V", "", "R", 44.588, 54.213, 0, 0, 0],
		[262, "R2_1", 1794.82, -889.4103, "T", "SMD", "RST", "", "R", 44.588, 54.213, 0, 0, 180],
		[263, "R2_2", 1716.08, -889.4103, "T", "SMD", "+3V3", "", "R", 44.588, 54.213, 0, 0, 180],
		[264, "R3_1", 1766.08, -1037.8645, "T", "SMD", "$1N2789", "", "R", 44.588, 54.213, 0, 0, 0],
		[265, "R3_2", 1844.82, -1037.8645, "T", "SMD", "+5V", "", "R", 44.588, 54.213, 0, 0, 0],
		[266, "R4_1", 2231.7385, -2162.913, "T", "SMD", "+3V3", "", "R", 44.588, 54.213, 0, 0, 270],
		[267, "R4_2", 2231.7385, -2241.653, "T", "SMD", "IO42", "", "R", 44.588, 54.213, 0, 0, 270],
		[268, "R5_1", 2150.63, -2440, "T", "SMD", "+5V", "", "R", 44.588, 54.213, 0, 0, 0],
		[269, "R5_2", 2229.37, -2440, "T", "SMD", "IO37", "", "R", 44.588, 54.213, 0, 0, 0],
		[270, "R6_1", 1716.08, -1181.3188, "T", "SMD", "+3V3", "", "R", 44.588, 54.213, 0, 0, 0],
		[271, "R6_2", 1794.82, -1181.3188, "T", "SMD", "IO35", "", "R", 44.588, 54.213, 0, 0, 0],
		[272, "R7_1", 1721.08, -1334.773, "T", "SMD", "+3V3", "", "R", 44.588, 54.213, 0, 0, 0],
		[273, "R7_2", 1799.82, -1334.773, "T", "SMD", "IO36", "", "R", 44.588, 54.213, 0, 0, 0],
		[274, "R8_1", 1905.63, -2435, "T", "SMD", "GND", "GND", "R", 44.588, 54.213, 0, 0, 0],
		[275, "R8_2", 1984.37, -2435, "T", "SMD", "IO37", "", "R", 44.588, 54.213, 0, 0, 0],
		[276, "R9_1", 227.966, -1640, "T", "SMD", "IO7", "", "R", 44.588, 54.213, 0, 0, 0],
		[277, "R9_2", 306.706, -1640, "T", "SMD", "+3V3", "", "R", 44.588, 54.213, 0, 0, 0],
		[278, "R10_1", 493.294, -1640, "T", "SMD", "$2N638", "", "R", 44.588, 54.213, 0, 0, 0],
		[279, "R10_2", 572.034, -1640, "T", "SMD", "$2N5165", "", "R", 44.588, 54.213, 0, 0, 0],
		[280, "R13_1", 1735.63, -1555, "T", "SMD", "IO38", "", "R", 44.588, 54.213, 0, 0, 0],
		[281, "R13_2", 1814.37, -1555, "T", "SMD", "+3V3", "", "R", 44.588, 54.213, 0, 0, 0],
		[282, "R14_1", 1994.37, -1560, "T", "SMD", "$4N319", "", "R", 44.588, 54.213, 0, 0, 180],
		[283, "R14_2", 1915.63, -1560, "T", "SMD", "$4N315", "", "R", 44.588, 54.213, 0, 0, 180],
		[284, "RG9_RAIN_1", 2960.785, -250, "T", "DIP", "+5V", "", "C", 98.425, 98.425, 62.992, 62.992, 0],
		[285, "RG9_RAIN_1", 2960.785, -250, "B", "DIP", "+5V", "", "C", 98.425, 98.425, 62.992, 62.992, 0],
		[286, "RG9_RAIN_2", 3157.635, -250, "T", "DIP", "IO37", "", "C", 98.425, 98.425, 62.992, 62.992, 0],
		[287, "RG9_RAIN_2", 3157.635, -250, "B", "DIP", "IO37", "", "C", 98.425, 98.425, 62.992, 62.992, 0],
		[288, "RG9_RAIN_3", 3359.21, -250, "T", "DIP", "GND", "GND", "C", 98.425, 98.425, 62.992, 62.992, 0],
		[289, "RG9_RAIN_3", 3359.21, -250, "B", "DIP", "GND", "GND", "C", 98.425, 98.425, 62.992, 62.992, 0],
		[290, "ROOF_LIMITS_1", 3550, -539.725, "T", "DIP", "IO36", "", "C", 70.866, 70.866, 47.244, 47.244, 270],
		[291, "ROOF_LIMITS_1", 3550, -539.725, "B", "DIP", "IO36", "", "C", 70.866, 70.866, 47.244, 47.244, 270],
		[292, "ROOF_LIMITS_2", 3550, -736.575, "T", "DIP", "GND", "GND", "C", 70.866, 70.866, 47.244, 47.244, 270],
		[293, "ROOF_LIMITS_2", 3550, -736.575, "B", "DIP", "GND", "GND", "C", 70.866, 70.866, 47.244, 47.244, 270],
		[294, "ROOF_LIMITS_3", 3550, -933.425, "T", "DIP", "IO35", "", "C", 70.866, 70.866, 47.244, 47.244, 270],
		[295, "ROOF_LIMITS_3", 3550, -933.425, "B", "DIP", "IO35", "", "C", 70.866, 70.866, 47.244, 47.244, 270],
		[296, "ROOF_LIMITS_4", 3550, -1130.275, "T", "DIP", "GND", "GND", "C", 70.866, 70.866, 47.244, 47.244, 270],
		[297, "ROOF_LIMITS_4", 3550, -1130.275, "B", "DIP", "GND", "GND", "C", 70.866, 70.866, 47.244, 47.244, 270],
		[298, "ROOF_OPENER_1", 3560, -1874.725, "T", "DIP", "$2N4453", "", "C", 70.866, 70.866, 47.244, 47.244, 270],
		[299, "ROOF_OPENER_1", 3560, -1874.725, "B", "DIP", "$2N4453", "", "C", 70.866, 70.866, 47.244, 47.244, 270],
		[300, "ROOF_OPENER_2", 3560, -2071.575, "T", "DIP", "$2N628", "", "C", 70.866, 70.866, 47.244, 47.244, 270],
		[301, "ROOF_OPENER_2", 3560, -2071.575, "B", "DIP", "$2N628", "", "C", 70.866, 70.866, 47.244, 47.244, 270],
		[302, "ROOF_OPENER_3", 3560, -2268.425, "T", "DIP", "$2N1363", "", "C", 70.866, 70.866, 47.244, 47.244, 270],
		[303, "ROOF_OPENER_3", 3560, -2268.425, "B", "DIP", "$2N1363", "", "C", 70.866, 70.866, 47.244, 47.244, 270],
		[304, "ROOF_OPENER_4", 3560, -2465.275, "T", "DIP", "GND", "GND", "C", 70.866, 70.866, 47.244, 47.244, 270],
		[305, "ROOF_OPENER_4", 3560, -2465.275, "B", "DIP", "GND", "GND", "C", 70.866, 70.866, 47.244, 47.244, 270],
		[306, "RST1_1", 1265, -540, "T", "DIP", "RST", "", "R", 78.74, 78.74, 47.244, 47.244, 0],
		[307, "RST1_1", 1265, -540, "B", "DIP", "RST", "", "R", 78.74, 78.74, 47.244, 47.244, 0],
		[308, "RST1_2", 1365, -540, "T", "DIP", "GND", "GND", "C", 78.74, 78.74, 47.244, 47.244, 0],
		[309, "RST1_2", 1365, -540, "B", "DIP", "GND", "GND", "C", 78.74, 78.74, 47.244, 47.244, 0],
		[310, "SNOW_1", 719.325, -2559.325, "T", "DIP", "+12V", "", "R", 70.866, 70.866, 47.244, 47.244, 180],
		[311, "SNOW_1", 719.325, -2559.325, "B", "DIP", "+12V", "", "R", 70.866, 70.866, 47.244, 47.244, 180],
		[312, "SNOW_2", 619.325, -2559.325, "T", "DIP", "IO38", "", "C", 70.866, 70.866, 47.244, 47.244, 180],
		[313, "SNOW_2", 619.325, -2559.325, "B", "DIP", "IO38", "", "C", 70.866, 70.866, 47.244, 47.244, 180],
		[314, "SNOW_3", 519.325, -2559.325, "T", "DIP", "GND", "GND", "C", 70.866, 70.866, 47.244, 47.244, 180],
		[315, "SNOW_3", 519.325, -2559.325, "B", "DIP", "GND", "GND", "C", 70.866, 70.866, 47.244, 47.244, 180],
		[316, "SNOW_4", 419.325, -2559.325, "T", "DIP", "$4N315", "", "C", 70.866, 70.866, 47.244, 47.244, 180],
		[317, "SNOW_4", 419.325, -2559.325, "B", "DIP", "$4N315", "", "C", 70.866, 70.866, 47.244, 47.244, 180],
		[318, "SNOW_5", 319.325, -2559.325, "T", "DIP", "$4N319", "", "C", 70.866, 70.866, 47.244, 47.244, 180],
		[319, "SNOW_5", 319.325, -2559.325, "B", "DIP", "$4N319", "", "C", 70.866, 70.866, 47.244, 47.244, 180],
		[320, "SNOW_6", 219.325, -2559.325, "T", "DIP", "GND", "GND", "C", 70.866, 70.866, 47.244, 47.244, 180],
		[321, "SNOW_6", 219.325, -2559.325, "B", "DIP", "GND", "GND", "C", 70.866, 70.866, 47.244, 47.244, 180],
		[322, "U1_1", 860, -1205, "T", "DIP", "+12V", "", "C", 62.992, 62.992, 39.37, 39.37, 180],
		[323, "U1_1", 860, -1205, "B", "DIP", "+12V", "", "C", 62.992, 62.992, 39.37, 39.37, 180],
		[324, "U1_2", 960, -1205, "T", "DIP", "GND", "GND", "C", 62.992, 62.992, 39.37, 39.37, 180],
		[325, "U1_2", 960, -1205, "B", "DIP", "GND", "GND", "C", 62.992, 62.992, 39.37, 39.37, 180],
		[326, "U1_3", 1060, -1205, "T", "DIP", "+5V", "", "C", 62.992, 62.992, 39.37, 39.37, 180],
		[327, "U1_3", 1060, -1205, "B", "DIP", "+5V", "", "C", 62.992, 62.992, 39.37, 39.37, 180],
		[328, "U2_1", 535, -1415, "T", "DIP", "$2N638", "", "O", 60, 78.74, 39.37, 39.37, 90],
		[329, "U2_1", 535, -1415, "B", "DIP", "$2N638", "", "O", 60, 78.74, 39.37, 39.37, 90],
		[330, "U2_2", 535, -1315, "T", "DIP", "$2N636", "", "O", 60, 78.74, 39.37, 39.37, 90],
		[331, "U2_2", 535, -1315, "B", "DIP", "$2N636", "", "O", 60, 78.74, 39.37, 39.37, 90],
		[332, "U2_3", 235, -1315, "T", "DIP", "GND", "GND", "O", 60, 78.74, 39.37, 39.37, 90],
		[333, "U2_3", 235, -1315, "B", "DIP", "GND", "GND", "O", 60, 78.74, 39.37, 39.37, 90],
		[334, "U2_4", 235, -1415, "T", "DIP", "IO7", "", "O", 60, 78.74, 39.37, 39.37, 90],
		[335, "U2_4", 235, -1415, "B", "DIP", "IO7", "", "O", 60, 78.74, 39.37, 39.37, 90],
		[336, "U4_1", 1805, -2305.61, "T", "SMD", "IO41", "", "O", 24.803, 73.425, 0, 0, 0],
		[337, "U4_2", 1855, -2305.61, "T", "SMD", "IO39", "", "O", 24.803, 73.425, 0, 0, 0],
		[338, "U4_3", 1905, -2305.61, "T", "SMD", "IO39", "", "O", 24.803, 73.425, 0, 0, 0],
		[339, "U4_4", 1955, -2305.61, "T", "SMD", "IO40", "", "O", 24.803, 73.425, 0, 0, 0],
		[340, "U4_5", 1955, -2094.39, "T", "SMD", "GND", "GND", "O", 24.803, 73.425, 0, 0, 0],
		[341, "U4_6", 1905, -2094.39, "T", "SMD", "$4N319", "", "O", 24.803, 73.425, 0, 0, 0],
		[342, "U4_7", 1855, -2094.39, "T", "SMD", "$4N315", "", "O", 24.803, 73.425, 0, 0, 0],
		[343, "U4_8", 1805, -2094.39, "T", "SMD", "+3V3", "", "O", 24.803, 73.425, 0, 0, 0],
		[344, "PAD1_2", 675, -1205.63, "T", "SMD", "+12V", "", "R", 55.512, 53.15, 0, 0, 90],
		[345, "PAD2_1", 675, -1284.37, "T", "SMD", "GND", "GND", "R", 55.512, 53.15, 0, 0, 90],
		[346, "PAD3_2", 1252.9295, -1190.246, "T", "SMD", "+5V", "", "R", 55.512, 53.15, 0, 0, 90],
		[347, "PAD4_1", 1252.9295, -1268.986, "T", "SMD", "GND", "GND", "R", 55.512, 53.15, 0, 0, 90],
		[348, "PAD5_2", 573.37, -365, "T", "SMD", "$1N1140", "", "R", 37.402, 45.276, 0, 0, 180],
		[349, "PAD6_1", 706.63, -365, "T", "SMD", "+12V", "", "R", 37.402, 45.276, 0, 0, 180],
		[350, "PAD7_2", 2717.52, -2000, "T", "DIP", "IO4", "", "C", 55.118, 55.118, 31.496, 31.496, 180],
		[351, "PAD7_2", 2717.52, -2000, "B", "DIP", "IO4", "", "C", 55.118, 55.118, 31.496, 31.496, 180],
		[352, "PAD8_1", 3032.48, -2000, "T", "DIP", "GND", "GND", "C", 55.118, 55.118, 31.496, 31.496, 180],
		[353, "PAD8_1", 3032.48, -2000, "B", "DIP", "GND", "GND", "C", 55.118, 55.118, 31.496, 31.496, 180],
		[354, "PAD9_2", 2697.5195, -1370, "T", "DIP", "IO6", "", "C", 55.118, 55.118, 31.496, 31.496, 180],
		[355, "PAD9_2", 2697.5195, -1370, "B", "DIP", "IO6", "", "C", 55.118, 55.118, 31.496, 31.496, 180],
		[356, "PAD10_1", 3012.4795, -1370, "T", "DIP", "GND", "GND", "C", 55.118, 55.118, 31.496, 31.496, 180],
		[357, "PAD10_1", 3012.4795, -1370, "B", "DIP", "GND", "GND", "C", 55.118, 55.118, 31.496, 31.496, 180],
		[358, "PAD11_2", 1844.725, -1777.4, "T", "SMD", "$4N315", "", "R", 39.37, 31.496, 0, 0, 0],
		[359, "PAD12_3", 1935.275, -1740, "T", "SMD", "GND", "GND", "R", 39.37, 31.496, 0, 0, 0],
		[360, "PAD13_1", 1844.725, -1702.6, "T", "SMD", "$4N319", "", "R", 39.37, 31.496, 0, 0, 0],
		[361, "PAD14_1", 363.11, -365, "T", "SMD", "$1N1350", "", "R", 46.854, 68.031, 0, 0, 0],
		[362, "PAD15_2", 476.89, -365, "T", "SMD", "$1N1140", "", "R", 46.854, 68.031, 0, 0, 0],
		[363, "PAD16_1", 1550, -500, "T", "DIP", "+3V3", "", "R", 62.992, 62.992, 41.338, 41.338, 270],
		[364, "PAD16_1", 1550, -500, "B", "DIP", "+3V3", "", "R", 62.992, 62.992, 41.338, 41.338, 270],
		[365, "PAD17_2", 1550, -600, "T", "DIP", "+3V3", "", "C", 62.992, 62.992, 41.338, 41.338, 270],
		[366, "PAD17_2", 1550, -600, "B", "DIP", "+3V3", "", "C", 62.992, 62.992, 41.338, 41.338, 270],
		[367, "PAD18_3", 1550, -700, "T", "DIP", "RST", "", "C", 62.992, 62.992, 41.338, 41.338, 270],
		[368, "PAD18_3", 1550, -700, "B", "DIP", "RST", "", "C", 62.992, 62.992, 41.338, 41.338, 270],
		[369, "PAD19_4", 1550, -800, "T", "DIP", "IO4", "", "C", 62.992, 62.992, 41.338, 41.338, 270],
		[370, "PAD19_4", 1550, -800, "B", "DIP", "IO4", "", "C", 62.992, 62.992, 41.338, 41.338, 270],
		[371, "PAD20_5", 1550, -900, "T", "DIP", "IO5", "", "C", 62.992, 62.992, 41.338, 41.338, 270],
		[372, "PAD20_5", 1550, -900, "B", "DIP", "IO5", "", "C", 62.992, 62.992, 41.338, 41.338, 270],
		[373, "PAD21_6", 1550, -1000, "T", "DIP", "IO6", "", "C", 62.992, 62.992, 41.338, 41.338, 270],
		[374, "PAD21_6", 1550, -1000, "B", "DIP", "IO6", "", "C", 62.992, 62.992, 41.338, 41.338, 270],
		[375, "PAD22_7", 1550, -1100, "T", "DIP", "IO7", "", "C", 62.992, 62.992, 41.338, 41.338, 270],
		[376, "PAD22_7", 1550, -1100, "B", "DIP", "IO7", "", "C", 62.992, 62.992, 41.338, 41.338, 270],
		[377, "PAD23_8", 1550, -1200, "T", "DIP", "IO15", "", "C", 62.992, 62.992, 41.338, 41.338, 270],
		[378, "PAD23_8", 1550, -1200, "B", "DIP", "IO15", "", "C", 62.992, 62.992, 41.338, 41.338, 270],
		[379, "PAD24_9", 1550, -1300, "T", "DIP", "IO16", "", "C", 62.992, 62.992, 41.338, 41.338, 270],
		[380, "PAD24_9", 1550, -1300, "B", "DIP", "IO16", "", "C", 62.992, 62.992, 41.338, 41.338, 270],
		[381, "PAD25_10", 1550, -1400, "T", "DIP", "IO17", "", "C", 62.992, 62.992, 41.338, 41.338, 270],
		[382, "PAD25_10", 1550, -1400, "B", "DIP", "IO17", "", "C", 62.992, 62.992, 41.338, 41.338, 270],
		[383, "PAD26_11", 1550, -1500, "T", "DIP", "IO18", "", "C", 62.992, 62.992, 41.338, 41.338, 270],
		[384, "PAD26_11", 1550, -1500, "B", "DIP", "IO18", "", "C", 62.992, 62.992, 41.338, 41.338, 270],
		[385, "PAD27_12", 1550, -1600, "T", "DIP", "SDA", "", "C", 62.992, 62.992, 41.338, 41.338, 270],
		[386, "PAD27_12", 1550, -1600, "B", "DIP", "SDA", "", "C", 62.992, 62.992, 41.338, 41.338, 270],
		[387, "PAD28_13", 1550, -1700, "T", "DIP", "IO3", "", "C", 62.992, 62.992, 41.338, 41.338, 270],
		[388, "PAD28_13", 1550, -1700, "B", "DIP", "IO3", "", "C", 62.992, 62.992, 41.338, 41.338, 270],
		[389, "PAD29_14", 1550, -1800, "T", "DIP", "IO46", "", "C", 62.992, 62.992, 41.338, 41.338, 270],
		[390, "PAD29_14", 1550, -1800, "B", "DIP", "IO46", "", "C", 62.992, 62.992, 41.338, 41.338, 270],
		[391, "PAD30_15", 1550, -1900, "T", "DIP", "SCL", "", "C", 62.992, 62.992, 41.338, 41.338, 270],
		[392, "PAD30_15", 1550, -1900, "B", "DIP", "SCL", "", "C", 62.992, 62.992, 41.338, 41.338, 270],
		[393, "PAD31_16", 1550, -2000, "T", "DIP", "IO10", "", "C", 62.992, 62.992, 41.338, 41.338, 270],
		[394, "PAD31_16", 1550, -2000, "B", "DIP", "IO10", "", "C", 62.992, 62.992, 41.338, 41.338, 270],
		[395, "PAD32_17", 1550, -2100, "T", "DIP", "IO11", "", "C", 62.992, 62.992, 41.338, 41.338, 270],
		[396, "PAD32_17", 1550, -2100, "B", "DIP", "IO11", "", "C", 62.992, 62.992, 41.338, 41.338, 270],
		[397, "PAD33_18", 1550, -2200, "T", "DIP", "IO12", "", "C", 62.992, 62.992, 41.338, 41.338, 270],
		[398, "PAD33_18", 1550, -2200, "B", "DIP", "IO12", "", "C", 62.992, 62.992, 41.338, 41.338, 270],
		[399, "PAD34_19", 1550, -2300, "T", "DIP", "IO13", "", "C", 62.992, 62.992, 41.338, 41.338, 270],
		[400, "PAD34_19", 1550, -2300, "B", "DIP", "IO13", "", "C", 62.992, 62.992, 41.338, 41.338, 270],
		[401, "PAD35_20", 1550, -2400, "T", "DIP", "IO14", "", "C", 62.992, 62.992, 41.338, 41.338, 270],
		[402, "PAD35_20", 1550, -2400, "B", "DIP", "IO14", "", "C", 62.992, 62.992, 41.338, 41.338, 270],
		[403, "PAD36_21", 1550, -2500, "T", "DIP", "+5V", "", "C", 62.992, 62.992, 41.338, 41.338, 270],
		[404, "PAD36_21", 1550, -2500, "B", "DIP", "+5V", "", "C", 62.992, 62.992, 41.338, 41.338, 270],
		[405, "PAD37_22", 1550, -2600, "T", "DIP", "GND", "GND", "C", 62.992, 62.992, 41.338, 41.338, 270],
		[406, "PAD37_22", 1550, -2600, "B", "DIP", "GND", "GND", "C", 62.992, 62.992, 41.338, 41.338, 270],
		[407, "PAD38_1", 2550, -500, "T", "DIP", "GND", "GND", "R", 62.992, 62.992, 41.338, 41.338, 270],
		[408, "PAD38_1", 2550, -500, "B", "DIP", "GND", "GND", "R", 62.992, 62.992, 41.338, 41.338, 270],
		[409, "PAD39_2", 2550, -600, "T", "DIP", "TX", "", "C", 62.992, 62.992, 41.338, 41.338, 270],
		[410, "PAD39_2", 2550, -600, "B", "DIP", "TX", "", "C", 62.992, 62.992, 41.338, 41.338, 270],
		[411, "PAD40_3", 2550, -700, "T", "DIP", "RX", "", "C", 62.992, 62.992, 41.338, 41.338, 270],
		[412, "PAD40_3", 2550, -700, "B", "DIP", "RX", "", "C", 62.992, 62.992, 41.338, 41.338, 270],
		[413, "PAD41_4", 2550, -800, "T", "DIP", "IO1", "", "C", 62.992, 62.992, 41.338, 41.338, 270],
		[414, "PAD41_4", 2550, -800, "B", "DIP", "IO1", "", "C", 62.992, 62.992, 41.338, 41.338, 270],
		[415, "PAD42_5", 2550, -900, "T", "DIP", "IO2", "", "C", 62.992, 62.992, 41.338, 41.338, 270],
		[416, "PAD42_5", 2550, -900, "B", "DIP", "IO2", "", "C", 62.992, 62.992, 41.338, 41.338, 270],
		[417, "PAD43_6", 2550, -1000, "T", "DIP", "IO42", "", "C", 62.992, 62.992, 41.338, 41.338, 270],
		[418, "PAD43_6", 2550, -1000, "B", "DIP", "IO42", "", "C", 62.992, 62.992, 41.338, 41.338, 270],
		[419, "PAD44_7", 2550, -1100, "T", "DIP", "IO41", "", "C", 62.992, 62.992, 41.338, 41.338, 270],
		[420, "PAD44_7", 2550, -1100, "B", "DIP", "IO41", "", "C", 62.992, 62.992, 41.338, 41.338, 270],
		[421, "PAD45_8", 2550, -1200, "T", "DIP", "IO40", "", "C", 62.992, 62.992, 41.338, 41.338, 270],
		[422, "PAD45_8", 2550, -1200, "B", "DIP", "IO40", "", "C", 62.992, 62.992, 41.338, 41.338, 270],
		[423, "PAD46_9", 2550, -1300, "T", "DIP", "IO39", "", "C", 62.992, 62.992, 41.338, 41.338, 270],
		[424, "PAD46_9", 2550, -1300, "B", "DIP", "IO39", "", "C", 62.992, 62.992, 41.338, 41.338, 270],
		[425, "PAD47_10", 2550, -1400, "T", "DIP", "IO38", "", "C", 62.992, 62.992, 41.338, 41.338, 270],
		[426, "PAD47_10", 2550, -1400, "B", "DIP", "IO38", "", "C", 62.992, 62.992, 41.338, 41.338, 270],
		[427, "PAD48_11", 2550, -1500, "T", "DIP", "IO37", "", "C", 62.992, 62.992, 41.338, 41.338, 270],
		[428, "PAD48_11", 2550, -1500, "B", "DIP", "IO37", "", "C", 62.992, 62.992, 41.338, 41.338, 270],
		[429, "PAD49_12", 2550, -1600, "T", "DIP", "IO36", "", "C", 62.992, 62.992, 41.338, 41.338, 270],
		[430, "PAD49_12", 2550, -1600, "B", "DIP", "IO36", "", "C", 62.992, 62.992, 41.338, 41.338, 270],
		[431, "PAD50_13", 2550, -1700, "T", "DIP", "IO35", "", "C", 62.992, 62.992, 41.338, 41.338, 270],
		[432, "PAD50_13", 2550, -1700, "B", "DIP", "IO35", "", "C", 62.992, 62.992, 41.338, 41.338, 270],
		[433, "PAD51_14", 2550, -1800, "T", "DIP", "IO0", "", "C", 62.992, 62.992, 41.338, 41.338, 270],
		[434, "PAD51_14", 2550, -1800, "B", "DIP", "IO0", "", "C", 62.992, 62.992, 41.338, 41.338, 270],
		[435, "PAD52_15", 2550, -1900, "T", "DIP", "IO45", "", "C", 62.992, 62.992, 41.338, 41.338, 270],
		[436, "PAD52_15", 2550, -1900, "B", "DIP", "IO45", "", "C", 62.992, 62.992, 41.338, 41.338, 270],
		[437, "PAD53_16", 2550, -2000, "T", "DIP", "IO48", "", "C", 62.992, 62.992, 41.338, 41.338, 270],
		[438, "PAD53_16", 2550, -2000, "B", "DIP", "IO48", "", "C", 62.992, 62.992, 41.338, 41.338, 270],
		[439, "PAD54_17", 2550, -2100, "T", "DIP", "IO47", "", "C", 62.992, 62.992, 41.338, 41.338, 270],
		[440, "PAD54_17", 2550, -2100, "B", "DIP", "IO47", "", "C", 62.992, 62.992, 41.338, 41.338, 270],
		[441, "PAD55_18", 2550, -2200, "T", "DIP", "IO21", "", "C", 62.992, 62.992, 41.338, 41.338, 270],
		[442, "PAD55_18", 2550, -2200, "B", "DIP", "IO21", "", "C", 62.992, 62.992, 41.338, 41.338, 270],
		[443, "PAD56_19", 2550, -2300, "T", "DIP", "IO20", "", "C", 62.992, 62.992, 41.338, 41.338, 270],
		[444, "PAD56_19", 2550, -2300, "B", "DIP", "IO20", "", "C", 62.992, 62.992, 41.338, 41.338, 270],
		[445, "PAD57_20", 2550, -2400, "T", "DIP", "IO19", "", "C", 62.992, 62.992, 41.338, 41.338, 270],
		[446, "PAD57_20", 2550, -2400, "B", "DIP", "IO19", "", "C", 62.992, 62.992, 41.338, 41.338, 270],
		[447, "PAD58_21", 2550, -2500, "T", "DIP", "GND", "GND", "C", 62.992, 62.992, 41.338, 41.338, 270],
		[448, "PAD58_21", 2550, -2500, "B", "DIP", "GND", "GND", "C", 62.992, 62.992, 41.338, 41.338, 270],
		[449, "PAD59_22", 2550, -2600, "T", "DIP", "GND", "GND", "C", 62.992, 62.992, 41.338, 41.338, 270],
		[450, "PAD59_22", 2550, -2600, "B", "DIP", "GND", "GND", "C", 62.992, 62.992, 41.338, 41.338, 270],
		[451, "PAD60_6", 925, -2370, "T", "DIP", "$1N6940", "", "C", 70.866, 70.866, 47.244, 47.244, 270],
		[452, "PAD60_6", 925, -2370, "B", "DIP", "$1N6940", "", "C", 70.866, 70.866, 47.244, 47.244, 270],
		[453, "PAD61_5", 925, -2270, "T", "DIP", "$1N6940", "", "C", 70.866, 70.866, 47.244, 47.244, 270],
		[454, "PAD61_5", 925, -2270, "B", "DIP", "$1N6940", "", "C", 70.866, 70.866, 47.244, 47.244, 270],
		[455, "PAD62_4", 925, -2170, "T", "DIP", "$1N6940", "", "C", 70.866, 70.866, 47.244, 47.244, 270],
		[456, "PAD62_4", 925, -2170, "B", "DIP", "$1N6940", "", "C", 70.866, 70.866, 47.244, 47.244, 270],
		[457, "PAD63_3", 925, -2070, "T", "DIP", "$1N6940", "", "C", 70.866, 70.866, 47.244, 47.244, 270],
		[458, "PAD63_3", 925, -2070, "B", "DIP", "$1N6940", "", "C", 70.866, 70.866, 47.244, 47.244, 270],
		[459, "PAD64_2", 925, -1970, "T", "DIP", "$1N6940", "", "C", 70.866, 70.866, 47.244, 47.244, 270],
		[460, "PAD64_2", 925, -1970, "B", "DIP", "$1N6940", "", "C", 70.866, 70.866, 47.244, 47.244, 270],
		[461, "PAD65_1", 925, -1870, "T", "DIP", "$1N6940", "", "R", 70.866, 70.866, 47.244, 47.244, 270],
		[462, "PAD65_1", 925, -1870, "B", "DIP", "$1N6940", "", "R", 70.866, 70.866, 47.244, 47.244, 270],
		[463, "PAD66_6", 1190, -2370, "T", "DIP", "IO14", "", "C", 70.866, 70.866, 47.244, 47.244, 270],
		[464, "PAD66_6", 1190, -2370, "B", "DIP", "IO14", "", "C", 70.866, 70.866, 47.244, 47.244, 270],
		[465, "PAD67_5", 1190, -2270, "T", "DIP", "IO13", "", "C", 70.866, 70.866, 47.244, 47.244, 270],
		[466, "PAD67_5", 1190, -2270, "B", "DIP", "IO13", "", "C", 70.866, 70.866, 47.244, 47.244, 270],
		[467, "PAD68_4", 1190, -2170, "T", "DIP", "IO12", "", "C", 70.866, 70.866, 47.244, 47.244, 270],
		[468, "PAD68_4", 1190, -2170, "B", "DIP", "IO12", "", "C", 70.866, 70.866, 47.244, 47.244, 270],
		[469, "PAD69_3", 1190, -2070, "T", "DIP", "IO11", "", "C", 70.866, 70.866, 47.244, 47.244, 270],
		[470, "PAD69_3", 1190, -2070, "B", "DIP", "IO11", "", "C", 70.866, 70.866, 47.244, 47.244, 270],
		[471, "PAD70_2", 1190, -1970, "T", "DIP", "IO10", "", "C", 70.866, 70.866, 47.244, 47.244, 270],
		[472, "PAD70_2", 1190, -1970, "B", "DIP", "IO10", "", "C", 70.866, 70.866, 47.244, 47.244, 270],
		[473, "PAD71_1", 1190, -1870, "T", "DIP", "IO46", "", "R", 70.866, 70.866, 47.244, 47.244, 270],
		[474, "PAD71_1", 1190, -1870, "B", "DIP", "IO46", "", "R", 70.866, 70.866, 47.244, 47.244, 270],
		[475, "PAD72_6", 1060, -2370, "T", "DIP", "GND", "GND", "C", 70.866, 70.866, 47.244, 47.244, 270],
		[476, "PAD72_6", 1060, -2370, "B", "DIP", "GND", "GND", "C", 70.866, 70.866, 47.244, 47.244, 270],
		[477, "PAD73_5", 1060, -2270, "T", "DIP", "GND", "GND", "C", 70.866, 70.866, 47.244, 47.244, 270],
		[478, "PAD73_5", 1060, -2270, "B", "DIP", "GND", "GND", "C", 70.866, 70.866, 47.244, 47.244, 270],
		[479, "PAD74_4", 1060, -2170, "T", "DIP", "GND", "GND", "C", 70.866, 70.866, 47.244, 47.244, 270],
		[480, "PAD74_4", 1060, -2170, "B", "DIP", "GND", "GND", "C", 70.866, 70.866, 47.244, 47.244, 270],
		[481, "PAD75_3", 1060, -2070, "T", "DIP", "GND", "GND", "C", 70.866, 70.866, 47.244, 47.244, 270],
		[482, "PAD75_3", 1060, -2070, "B", "DIP", "GND", "GND", "C", 70.866, 70.866, 47.244, 47.244, 270],
		[483, "PAD76_2", 1060, -1970, "T", "DIP", "GND", "GND", "C", 70.866, 70.866, 47.244, 47.244, 270],
		[484, "PAD76_2", 1060, -1970, "B", "DIP", "GND", "GND", "C", 70.866, 70.866, 47.244, 47.244, 270],
		[485, "PAD77_1", 1060, -1870, "T", "DIP", "GND", "GND", "R", 70.866, 70.866, 47.244, 47.244, 270],
		[486, "PAD77_1", 1060, -1870, "B", "DIP", "GND", "GND", "R", 70.866, 70.866, 47.244, 47.244, 270],
		[487, "PAD78_3", 1155, -2560, "T", "DIP", "+5V", "", "C", 70.866, 70.866, 47.244, 47.244, 0],
		[488, "PAD78_3", 1155, -2560, "B", "DIP", "+5V", "", "C", 70.866, 70.866, 47.244, 47.244, 0],
		[489, "PAD79_2", 1055, -2560, "T", "DIP", "$1N6940", "", "C", 70.866, 70.866, 47.244, 47.244, 0],
		[490, "PAD79_2", 1055, -2560, "B", "DIP", "$1N6940", "", "C", 70.866, 70.866, 47.244, 47.244, 0],
		[491, "PAD80_1", 955, -2560, "T", "DIP", "+3V3", "", "R", 62, 70.866, 47.244, 47.244, 0],
		[492, "PAD80_1", 955, -2560, "B", "DIP", "+3V3", "", "R", 62, 70.866, 47.244, 47.244, 0],
		[493, "PAD81_1", 1235, -285, "T", "DIP", "$1N2793", "", "R", 78.74, 78.74, 47.244, 47.244, 0],
		[494, "PAD81_1", 1235, -285, "B", "DIP", "$1N2793", "", "R", 78.74, 78.74, 47.244, 47.244, 0],
		[495, "PAD82_2", 1335, -285, "T", "DIP", "GND", "GND", "C", 78.74, 78.74, 47.244, 47.244, 0],
		[496, "PAD82_2", 1335, -285, "B", "DIP", "GND", "GND", "C", 78.74, 78.74, 47.244, 47.244, 0],
		[497, "PAD83_2", 1488.65, -285, "T", "SMD", "GND", "GND", "R", 39.37, 55.1, 0, 0, 180],
		[498, "PAD84_1", 1571.35, -285, "T", "SMD", "$1N2789", "", "R", 39.37, 55.1, 0, 0, 180],
		[499, "PAD85_2", 1844.82, -740.956, "T", "SMD", "+5V", "", "R", 44.588, 54.213, 0, 0, 0],
		[500, "PAD86_1", 1766.08, -740.956, "T", "SMD", "$1N2793", "", "R", 44.588, 54.213, 0, 0, 0],
		[501, "PAD87_2", 1716.08, -889.4103, "T", "SMD", "+3V3", "", "R", 44.588, 54.213, 0, 0, 180],
		[502, "PAD88_1", 1794.82, -889.4103, "T", "SMD", "RST", "", "R", 44.588, 54.213, 0, 0, 180],
		[503, "PAD89_2", 1844.82, -1037.8645, "T", "SMD", "+5V", "", "R", 44.588, 54.213, 0, 0, 0],
		[504, "PAD90_1", 1766.08, -1037.8645, "T", "SMD", "$1N2789", "", "R", 44.588, 54.213, 0, 0, 0],
		[505, "PAD91_2", 2231.7385, -2241.653, "T", "SMD", "IO42", "", "R", 44.588, 54.213, 0, 0, 270],
		[506, "PAD92_1", 2231.7385, -2162.913, "T", "SMD", "+3V3", "", "R", 44.588, 54.213, 0, 0, 270],
		[507, "PAD93_2", 2229.37, -2440, "T", "SMD", "IO37", "", "R", 44.588, 54.213, 0, 0, 0],
		[508, "PAD94_1", 2150.63, -2440, "T", "SMD", "+5V", "", "R", 44.588, 54.213, 0, 0, 0],
		[509, "PAD95_2", 1794.82, -1181.3188, "T", "SMD", "IO35", "", "R", 44.588, 54.213, 0, 0, 0],
		[510, "PAD96_1", 1716.08, -1181.3188, "T", "SMD", "+3V3", "", "R", 44.588, 54.213, 0, 0, 0],
		[511, "PAD97_2", 1799.82, -1334.773, "T", "SMD", "IO36", "", "R", 44.588, 54.213, 0, 0, 0],
		[512, "PAD98_1", 1721.08, -1334.773, "T", "SMD", "+3V3", "", "R", 44.588, 54.213, 0, 0, 0],
		[513, "PAD99_2", 1984.37, -2435, "T", "SMD", "IO37", "", "R", 44.588, 54.213, 0, 0, 0],
		[514, "PAD100_1", 1905.63, -2435, "T", "SMD", "GND", "GND", "R", 44.588, 54.213, 0, 0, 0],
		[515, "PAD101_2", 306.706, -1640, "T", "SMD", "+3V3", "", "R", 44.588, 54.213, 0, 0, 0],
		[516, "PAD102_1", 227.966, -1640, "T", "SMD", "IO7", "", "R", 44.588, 54.213, 0, 0, 0],
		[517, "PAD103_2", 572.034, -1640, "T", "SMD", "$2N5165", "", "R", 44.588, 54.213, 0, 0, 0],
		[518, "PAD104_1", 493.294, -1640, "T", "SMD", "$2N638", "", "R", 44.588, 54.213, 0, 0, 0],
		[519, "PAD105_2", 1814.37, -1555, "T", "SMD", "+3V3", "", "R", 44.588, 54.213, 0, 0, 0],
		[520, "PAD106_1", 1735.63, -1555, "T", "SMD", "IO38", "", "R", 44.588, 54.213, 0, 0, 0],
		[521, "PAD107_2", 1915.63, -1560, "T", "SMD", "$4N315", "", "R", 44.588, 54.213, 0, 0, 180],
		[522, "PAD108_1", 1994.37, -1560, "T", "SMD", "$4N319", "", "R", 44.588, 54.213, 0, 0, 180],
		[523, "PAD109_1", 1265, -540, "T", "DIP", "RST", "", "R", 78.74, 78.74, 47.244, 47.244, 0],
		[524, "PAD109_1", 1265, -540, "B", "DIP", "RST", "", "R", 78.74, 78.74, 47.244, 47.244, 0],
		[525, "PAD110_2", 1365, -540, "T", "DIP", "GND", "GND", "C", 78.74, 78.74, 47.244, 47.244, 0],
		[526, "PAD110_2", 1365, -540, "B", "DIP", "GND", "GND", "C", 78.74, 78.74, 47.244, 47.244, 0],
		[527, "PAD111_1", 3235, -1440, "T", "DIP", "GND", "GND", "R", 78.74, 78.74, 47.244, 47.244, 90],
		[528, "PAD111_1", 3235, -1440, "B", "DIP", "GND", "GND", "R", 78.74, 78.74, 47.244, 47.244, 90],
		[529, "PAD112_2", 3235, -1340, "T", "DIP", "IO42", "", "C", 78.74, 78.74, 47.244, 47.244, 90],
		[530, "PAD112_2", 3235, -1340, "B", "DIP", "IO42", "", "C", 78.74, 78.74, 47.244, 47.244, 90],
		[531, "PAD113_3", 1060, -1205, "T", "DIP", "+5V", "", "C", 62.992, 62.992, 39.37, 39.37, 180],
		[532, "PAD113_3", 1060, -1205, "B", "DIP", "+5V", "", "C", 62.992, 62.992, 39.37, 39.37, 180],
		[533, "PAD114_2", 960, -1205, "T", "DIP", "GND", "GND", "C", 62.992, 62.992, 39.37, 39.37, 180],
		[534, "PAD114_2", 960, -1205, "B", "DIP", "GND", "GND", "C", 62.992, 62.992, 39.37, 39.37, 180],
		[535, "PAD115_1", 860, -1205, "T", "DIP", "+12V", "", "C", 62.992, 62.992, 39.37, 39.37, 180],
		[536, "PAD115_1", 860, -1205, "B", "DIP", "+12V", "", "C", 62.992, 62.992, 39.37, 39.37, 180],
		[537, "PAD116_1", 535, -1415, "T", "DIP", "$2N638", "", "O", 60, 78.74, 39.37, 39.37, 90],
		[538, "PAD116_1", 535, -1415, "B", "DIP", "$2N638", "", "O", 60, 78.74, 39.37, 39.37, 90],
		[539, "PAD117_2", 535, -1315, "T", "DIP", "$2N636", "", "O", 60, 78.74, 39.37, 39.37, 90],
		[540, "PAD117_2", 535, -1315, "B", "DIP", "$2N636", "", "O", 60, 78.74, 39.37, 39.37, 90],
		[541, "PAD118_4", 235, -1415, "T", "DIP", "IO7", "", "O", 60, 78.74, 39.37, 39.37, 90],
		[542, "PAD118_4", 235, -1415, "B", "DIP", "IO7", "", "O", 60, 78.74, 39.37, 39.37, 90],
		[543, "PAD119_3", 235, -1315, "T", "DIP", "GND", "GND", "O", 60, 78.74, 39.37, 39.37, 90],
		[544, "PAD119_3", 235, -1315, "B", "DIP", "GND", "GND", "O", 60, 78.74, 39.37, 39.37, 90],
		[545, "PAD120_1", 1805, -2305.61, "T", "SMD", "IO41", "", "O", 24.803, 73.425, 0, 0, 0],
		[546, "PAD121_2", 1855, -2305.61, "T", "SMD", "IO39", "", "O", 24.803, 73.425, 0, 0, 0],
		[547, "PAD122_3", 1905, -2305.61, "T", "SMD", "IO39", "", "O", 24.803, 73.425, 0, 0, 0],
		[548, "PAD123_4", 1955, -2305.61, "T", "SMD", "IO40", "", "O", 24.803, 73.425, 0, 0, 0],
		[549, "PAD124_8", 1805, -2094.39, "T", "SMD", "+3V3", "", "O", 24.803, 73.425, 0, 0, 0],
		[550, "PAD125_7", 1855, -2094.39, "T", "SMD", "$4N315", "", "O", 24.803, 73.425, 0, 0, 0],
		[551, "PAD126_6", 1905, -2094.39, "T", "SMD", "$4N319", "", "O", 24.803, 73.425, 0, 0, 0],
		[552, "PAD127_5", 1955, -2094.39, "T", "SMD", "GND", "GND", "O", 24.803, 73.425, 0, 0, 0],
		[553, "PAD128_2", 2080, -2165.63, "T", "SMD", "+3V3", "", "R", 55.512, 53.15, 0, 0, 90],
		[554, "PAD129_1", 2080, -2244.37, "T", "SMD", "GND", "GND", "R", 55.512, 53.15, 0, 0, 90],
		[555, "PAD130_1", 2785, -2130.4, "T", "DIP", "GND", "GND", "C", 62.992, 62.992, 33.464, 33.464, 270],
		[556, "PAD130_1", 2785, -2130.4, "B", "DIP", "GND", "GND", "C", 62.992, 62.992, 33.464, 33.464, 270],
		[557, "PAD131_5", 2985, -2429.6, "T", "DIP", "$2N4453", "", "C", 62.992, 62.992, 33.464, 33.464, 270],
		[558, "PAD131_5", 2985, -2429.6, "B", "DIP", "$2N4453", "", "C", 62.992, 62.992, 33.464, 33.464, 270],
		[559, "PAD132_6", 2985, -2343, "T", "DIP", "+12V", "", "C", 62.992, 62.992, 33.464, 33.464, 270],
		[560, "PAD132_6", 2985, -2343, "B", "DIP", "+12V", "", "C", 62.992, 62.992, 33.464, 33.464, 270],
		[561, "PAD133_8", 2985, -2130.4, "T", "DIP", "IO4", "", "C", 62.992, 62.992, 33.464, 33.464, 270],
		[562, "PAD133_8", 2985, -2130.4, "B", "DIP", "IO4", "", "C", 62.992, 62.992, 33.464, 33.464, 270],
		[563, "PAD134_1", 2770, -1500.4, "T", "DIP", "GND", "GND", "C", 62.992, 62.992, 33.464, 33.464, 270],
		[564, "PAD134_1", 2770, -1500.4, "B", "DIP", "GND", "GND", "C", 62.992, 62.992, 33.464, 33.464, 270],
		[565, "PAD135_5", 2970, -1799.6, "T", "DIP", "$2N940", "", "C", 62.992, 62.992, 33.464, 33.464, 270],
		[566, "PAD135_5", 2970, -1799.6, "B", "DIP", "$2N940", "", "C", 62.992, 62.992, 33.464, 33.464, 270],
		[567, "PAD136_6", 2970, -1713, "T", "DIP", "$2N950", "", "C", 62.992, 62.992, 33.464, 33.464, 270],
		[568, "PAD136_6", 2970, -1713, "B", "DIP", "$2N950", "", "C", 62.992, 62.992, 33.464, 33.464, 270],
		[569, "PAD137_8", 2970, -1500.4, "T", "DIP", "IO6", "", "C", 62.992, 62.992, 33.464, 33.464, 270],
		[570, "PAD137_8", 2970, -1500.4, "B", "DIP", "IO6", "", "C", 62.992, 62.992, 33.464, 33.464, 270],
		[571, "PAD138_1", 2770.0005, -875.4, "T", "DIP", "GND", "GND", "C", 62.992, 62.992, 33.464, 33.464, 270],
		[572, "PAD138_1", 2770.0005, -875.4, "B", "DIP", "GND", "GND", "C", 62.992, 62.992, 33.464, 33.464, 270],
		[573, "PAD139_5", 2970.0005, -1174.6, "T", "DIP", "$2N628", "", "C", 62.992, 62.992, 33.464, 33.464, 270],
		[574, "PAD139_5", 2970.0005, -1174.6, "B", "DIP", "$2N628", "", "C", 62.992, 62.992, 33.464, 33.464, 270],
		[575, "PAD140_6", 2970.0005, -1088, "T", "DIP", "$2N1363", "", "C", 62.992, 62.992, 33.464, 33.464, 270],
		[576, "PAD140_6", 2970.0005, -1088, "B", "DIP", "$2N1363", "", "C", 62.992, 62.992, 33.464, 33.464, 270],
		[577, "PAD141_8", 2970.0005, -875.4, "T", "DIP", "IO5", "", "C", 62.992, 62.992, 33.464, 33.464, 270],
		[578, "PAD141_8", 2970.0005, -875.4, "B", "DIP", "IO5", "", "C", 62.992, 62.992, 33.464, 33.464, 270],
		[579, "PAD142_6", 219.325, -2559.325, "T", "DIP", "GND", "GND", "C", 70.866, 70.866, 47.244, 47.244, 180],
		[580, "PAD142_6", 219.325, -2559.325, "B", "DIP", "GND", "GND", "C", 70.866, 70.866, 47.244, 47.244, 180],
		[581, "PAD143_5", 319.325, -2559.325, "T", "DIP", "$4N319", "", "C", 70.866, 70.866, 47.244, 47.244, 180],
		[582, "PAD143_5", 319.325, -2559.325, "B", "DIP", "$4N319", "", "C", 70.866, 70.866, 47.244, 47.244, 180],
		[583, "PAD144_4", 419.325, -2559.325, "T", "DIP", "$4N315", "", "C", 70.866, 70.866, 47.244, 47.244, 180],
		[584, "PAD144_4", 419.325, -2559.325, "B", "DIP", "$4N315", "", "C", 70.866, 70.866, 47.244, 47.244, 180],
		[585, "PAD145_3", 519.325, -2559.325, "T", "DIP", "GND", "GND", "C", 70.866, 70.866, 47.244, 47.244, 180],
		[586, "PAD145_3", 519.325, -2559.325, "B", "DIP", "GND", "GND", "C", 70.866, 70.866, 47.244, 47.244, 180],
		[587, "PAD146_2", 619.325, -2559.325, "T", "DIP", "IO38", "", "C", 70.866, 70.866, 47.244, 47.244, 180],
		[588, "PAD146_2", 619.325, -2559.325, "B", "DIP", "IO38", "", "C", 70.866, 70.866, 47.244, 47.244, 180],
		[589, "PAD147_1", 719.325, -2559.325, "T", "DIP", "+12V", "", "R", 70.866, 70.866, 47.244, 47.244, 180],
		[590, "PAD147_1", 719.325, -2559.325, "B", "DIP", "+12V", "", "R", 70.866, 70.866, 47.244, 47.244, 180],
		[591, "PAD148_1", 925.001, -376.104, "T", "DIP", "+12V", "", "C", 62.992, 62.992, 39.37, 39.37, 0],
		[592, "PAD148_1", 925.001, -376.104, "B", "DIP", "+12V", "", "C", 62.992, 62.992, 39.37, 39.37, 0],
		[593, "PAD149_2", 925.001, -513.904, "T", "DIP", "GND", "GND", "C", 62.992, 62.992, 39.37, 39.37, 0],
		[594, "PAD149_2", 925.001, -513.904, "B", "DIP", "GND", "GND", "C", 62.992, 62.992, 39.37, 39.37, 0],
		[595, "PAD150_1", 940.001, -771.104, "T", "DIP", "+5V", "", "C", 62.992, 62.992, 39.37, 39.37, 0],
		[596, "PAD150_1", 940.001, -771.104, "B", "DIP", "+5V", "", "C", 62.992, 62.992, 39.37, 39.37, 0],
		[597, "PAD151_2", 940.001, -908.904, "T", "DIP", "GND", "GND", "C", 62.992, 62.992, 39.37, 39.37, 0],
		[598, "PAD151_2", 940.001, -908.904, "B", "DIP", "GND", "GND", "C", 62.992, 62.992, 39.37, 39.37, 0],
		[599, "PAD152_4", 3550, -1130.275, "T", "DIP", "GND", "GND", "C", 70.866, 70.866, 47.244, 47.244, 270],
		[600, "PAD152_4", 3550, -1130.275, "B", "DIP", "GND", "GND", "C", 70.866, 70.866, 47.244, 47.244, 270],
		[601, "PAD153_3", 3550, -933.425, "T", "DIP", "IO35", "", "C", 70.866, 70.866, 47.244, 47.244, 270],
		[602, "PAD153_3", 3550, -933.425, "B", "DIP", "IO35", "", "C", 70.866, 70.866, 47.244, 47.244, 270],
		[603, "PAD154_2", 3550, -736.575, "T", "DIP", "GND", "GND", "C", 70.866, 70.866, 47.244, 47.244, 270],
		[604, "PAD154_2", 3550, -736.575, "B", "DIP", "GND", "GND", "C", 70.866, 70.866, 47.244, 47.244, 270],
		[605, "PAD155_1", 3550, -539.725, "T", "DIP", "IO36", "", "C", 70.866, 70.866, 47.244, 47.244, 270],
		[606, "PAD155_1", 3550, -539.725, "B", "DIP", "IO36", "", "C", 70.866, 70.866, 47.244, 47.244, 270],
		[607, "PAD156_4", 3560, -2465.275, "T", "DIP", "GND", "GND", "C", 70.866, 70.866, 47.244, 47.244, 270],
		[608, "PAD156_4", 3560, -2465.275, "B", "DIP", "GND", "GND", "C", 70.866, 70.866, 47.244, 47.244, 270],
		[609, "PAD157_3", 3560, -2268.425, "T", "DIP", "$2N1363", "", "C", 70.866, 70.866, 47.244, 47.244, 270],
		[610, "PAD157_3", 3560, -2268.425, "B", "DIP", "$2N1363", "", "C", 70.866, 70.866, 47.244, 47.244, 270],
		[611, "PAD158_2", 3560, -2071.575, "T", "DIP", "$2N628", "", "C", 70.866, 70.866, 47.244, 47.244, 270],
		[612, "PAD158_2", 3560, -2071.575, "B", "DIP", "$2N628", "", "C", 70.866, 70.866, 47.244, 47.244, 270],
		[613, "PAD159_1", 3560, -1874.725, "T", "DIP", "$2N4453", "", "C", 70.866, 70.866, 47.244, 47.244, 270],
		[614, "PAD159_1", 3560, -1874.725, "B", "DIP", "$2N4453", "", "C", 70.866, 70.866, 47.244, 47.244, 270],
		[615, "PAD160_1", 2745, -2670, "T", "DIP", "+3V3", "", "R", 66.929, 66.929, 43.308, 43.308, 0],
		[616, "PAD160_1", 2745, -2670, "B", "DIP", "+3V3", "", "R", 66.929, 66.929, 43.308, 43.308, 0],
		[617, "PAD161_2", 2845, -2670, "T", "DIP", "SCL", "", "C", 66.929, 66.929, 43.308, 43.308, 0],
		[618, "PAD161_2", 2845, -2670, "B", "DIP", "SCL", "", "C", 66.929, 66.929, 43.308, 43.308, 0],
		[619, "PAD162_3", 2945, -2670, "T", "DIP", "SDA", "", "C", 66.929, 66.929, 43.308, 43.308, 0],
		[620, "PAD162_3", 2945, -2670, "B", "DIP", "SDA", "", "C", 66.929, 66.929, 43.308, 43.308, 0],
		[621, "PAD163_4", 3045, -2670, "T", "DIP", "GND", "GND", "C", 66.929, 66.929, 43.308, 43.308, 0],
		[622, "PAD163_4", 3045, -2670, "B", "DIP", "GND", "GND", "C", 66.929, 66.929, 43.308, 43.308, 0],
		[623, "PAD164_1", 250, -1820, "T", "DIP", "$2N940", "", "R", 66.929, 66.929, 43.308, 43.308, 0],
		[624, "PAD164_1", 250, -1820, "B", "DIP", "$2N940", "", "R", 66.929, 66.929, 43.308, 43.308, 0],
		[625, "PAD165_2", 350, -1820, "T", "DIP", "$2N950", "", "C", 66.929, 66.929, 43.308, 43.308, 0],
		[626, "PAD165_2", 350, -1820, "B", "DIP", "$2N950", "", "C", 66.929, 66.929, 43.308, 43.308, 0],
		[627, "PAD166_3", 450, -1820, "T", "DIP", "$2N639", "", "C", 66.929, 66.929, 43.308, 43.308, 0],
		[628, "PAD166_3", 450, -1820, "B", "DIP", "$2N639", "", "C", 66.929, 66.929, 43.308, 43.308, 0],
		[629, "PAD167_4", 550, -1820, "T", "DIP", "$2N636", "", "C", 66.929, 66.929, 43.308, 43.308, 0],
		[630, "PAD167_4", 550, -1820, "B", "DIP", "$2N636", "", "C", 66.929, 66.929, 43.308, 43.308, 0],
		[631, "PAD168_1", 695, -1858.39, "T", "SMD", "$2N639", "", "R", 34.646, 37.795, 0, 0, 270],
		[632, "PAD169_2", 695, -1731.61, "T", "SMD", "$2N5165", "", "R", 34.646, 37.795, 0, 0, 270],
		[633, "PAD170_2", 2692.52, -715, "T", "DIP", "IO5", "", "C", 55.118, 55.118, 31.496, 31.496, 180],
		[634, "PAD170_2", 2692.52, -715, "B", "DIP", "IO5", "", "C", 55.118, 55.118, 31.496, 31.496, 180],
		[635, "PAD171_1", 3007.48, -715, "T", "DIP", "GND", "GND", "C", 55.118, 55.118, 31.496, 31.496, 180],
		[636, "PAD171_1", 3007.48, -715, "B", "DIP", "GND", "GND", "C", 55.118, 55.118, 31.496, 31.496, 180],
		[637, "PAD172_1", 3150, -2340, "T", "DIP", "+12V", "", "R", 78.74, 78.74, 47.244, 47.244, 90],
		[638, "PAD172_1", 3150, -2340, "B", "DIP", "+12V", "", "R", 78.74, 78.74, 47.244, 47.244, 90],
		[639, "PAD173_2", 3150, -2240, "T", "DIP", "$2N4453", "", "C", 78.74, 78.74, 47.244, 47.244, 90],
		[640, "PAD173_2", 3150, -2240, "B", "DIP", "$2N4453", "", "C", 78.74, 78.74, 47.244, 47.244, 90],
		[641, "PAD174_1", 3150, -1700, "T", "DIP", "$2N950", "", "R", 78.74, 78.74, 47.244, 47.244, 90],
		[642, "PAD174_1", 3150, -1700, "B", "DIP", "$2N950", "", "R", 78.74, 78.74, 47.244, 47.244, 90],
		[643, "PAD175_2", 3150, -1600, "T", "DIP", "$2N940", "", "C", 78.74, 78.74, 47.244, 47.244, 90],
		[644, "PAD175_2", 3150, -1600, "B", "DIP", "$2N940", "", "C", 78.74, 78.74, 47.244, 47.244, 90],
		[645, "PAD176_1", 3150, -990, "T", "DIP", "$2N1363", "", "R", 78.74, 78.74, 47.244, 47.244, 270],
		[646, "PAD176_1", 3150, -990, "B", "DIP", "$2N1363", "", "R", 78.74, 78.74, 47.244, 47.244, 270],
		[647, "PAD177_2", 3150, -1090, "T", "DIP", "$2N628", "", "C", 78.74, 78.74, 47.244, 47.244, 270],
		[648, "PAD177_2", 3150, -1090, "B", "DIP", "$2N628", "", "C", 78.74, 78.74, 47.244, 47.244, 270],
		[649, "PAD178_1", 3530, -1613.425, "T", "DIP", "IO42", "", "C", 78.74, 78.74, 51.182, 51.182, 90],
		[650, "PAD178_1", 3530, -1613.425, "B", "DIP", "IO42", "", "C", 78.74, 78.74, 51.182, 51.182, 90],
		[651, "PAD179_2", 3530, -1416.575, "T", "DIP", "GND", "GND", "C", 78.74, 78.74, 51.182, 51.182, 90],
		[652, "PAD179_2", 3530, -1416.575, "B", "DIP", "GND", "GND", "C", 78.74, 78.74, 51.182, 51.182, 90],
		[653, "PAD180_1", 370, -586.575, "T", "DIP", "$1N1350", "", "C", 78.74, 78.74, 51.182, 51.182, 270],
		[654, "PAD180_1", 370, -586.575, "B", "DIP", "$1N1350", "", "C", 78.74, 78.74, 51.182, 51.182, 270],
		[655, "PAD181_2", 370, -783.425, "T", "DIP", "GND", "GND", "C", 78.74, 78.74, 51.182, 51.182, 270],
		[656, "PAD181_2", 370, -783.425, "B", "DIP", "GND", "GND", "C", 78.74, 78.74, 51.182, 51.182, 270],
		[657, "PAD182_1", 2960.785, -250, "T", "DIP", "+5V", "", "C", 98.425, 98.425, 62.992, 62.992, 0],
		[658, "PAD182_1", 2960.785, -250, "B", "DIP", "+5V", "", "C", 98.425, 98.425, 62.992, 62.992, 0],
		[659, "PAD183_2", 3157.635, -250, "T", "DIP", "IO37", "", "C", 98.425, 98.425, 62.992, 62.992, 0],
		[660, "PAD183_2", 3157.635, -250, "B", "DIP", "IO37", "", "C", 98.425, 98.425, 62.992, 62.992, 0],
		[661, "PAD184_3", 3359.21, -250, "T", "DIP", "GND", "GND", "C", 98.425, 98.425, 62.992, 62.992, 0],
		[662, "PAD184_3", 3359.21, -250, "B", "DIP", "GND", "GND", "C", 98.425, 98.425, 62.992, 62.992, 0]
	]
}
}